Account,Description,Currency Code,Amount
Ruby,International Beauty Exchange,USD,1.64E+13
Lawrence,"Liddell Laboratories, Inc.",CNY,3.41E+13
Craig,McKesson Contract Packaging,BRL,2.88E+13
Andrew,BioActive Nutritional,MYR,1.55E+13
Sara,"American Regent, Inc.",PHP,3.01E+13
Carolyn,"Wyeth BioPharma Division of Wyeth Pharmaceuticals Inc., a subsidiary of Pfizer Inc.",HRK,2.91E+13
Anna,"Antigen Laboratories, Inc.",PEN,1.56E+13
Angela,"Agbanga Karite LLC, / EveryDay Shea / Alaffia Sustainable Skin Care",CLP,1.50E+13
Gregory,REMEDYREPACK INC.,IRR,1.62E+13
Earl,Best Choice (Valu Merchandisers Company),NGN,6.54E+12
Sean,Ecolab Inc.,CNY,1.19E+13
Marie,Jubilant HollisterStier LLC,PEN,3.35E+13
Kimberly,L Perrigo Company,CNY,3.44E+13
Carl,"Hospira, Inc.",RUB,2.42E+13
Lawrence,Bryant Ranch Prepack,RUB,2.09E+13
Larry,Lake Erie Medical DBA Quality Care Products LLC,CNY,2.97E+13
Edward,"Poly Pharmaceuticals, Inc.",JPY,1.39E+13
Louis,Walgreen Co,BDT,1.58E+12
Joyce,"Antigen Laboratories, Inc.",CNY,1.26E+13
Thomas,AGILA SPECIALTIES PRIVATE LIMITED,PHP,2.50E+13
Albert,Ranbaxy Pharmaceuticals Inc.,CNY,2.34E+13
Earl,King Bio Inc.,IDR,2.63E+13
Thomas,Chain Drug Marketing Association Inc.,IDR,4.48E+12
Roy,Barr Laboratories Inc.,CNY,3.93E+12
Jessica,"Preferred Pharmaceuticals, Inc.",CNY,3.52E+13
Evelyn,"Dolgencorp, Inc. (DOLLAR GENERAL & REXALL)",EUR,3.18E+13
Julie,McKesson Contract Packaging,RUB,2.65E+13
Willie,Bryant Ranch Prepack,IDR,4.71E+12
Louise,AR Medicom Inc,PHP,1.58E+12
Sarah,"OCuSOFT, Inc.",RSD,2.03E+13
Wayne,"ALK-Abello, Inc.",USD,6.81E+12
Sean,Rugby Laboratories,RUB,2.41E+13
Kathryn,BIOKEY INC.,CNY,2.33E+13
Frank,"Goldessence, Limited",CNY,1.26E+13
Martin,Mylan Pharmaceuticals Inc.,MXN,1.27E+13
Anna,Best Choice,EUR,2.84E+13
Christine,Clinical Solutions Wholesale,RUB,2.77E+13
Jeffrey,Sanum Kehlbeck GmbH & Co. KG,GTQ,2.15E+13
Tina,Jubilant HollisterStier LLC,EUR,2.64E+13
Brian,American Sales Company,CNY,1.04E+13
Laura,BluePoint Laboratories,RUB,2.15E+13
Rachel,Contract Pharmacy Services-PA,IDR,1.62E+13
Sean,Merck Sharp & Dohme Corp.,PHP,1.57E+13
Brenda,"Salimex, S.A.",RUB,1.80E+13
Jack,Cardinal Health,PHP,3.25E+13
Lori,"Supernus Pharmaceuticals, Inc.",VND,4.21E+12
Raymond,Laboratoires Boiron,EUR,2.71E+13
Jennifer,Amerisource Bergen,TZS,7.78E+12
Laura,Major Pharmaceuticals,CNY,2.99E+13
Bonnie,State of Florida DOH Central Pharmacy,CNY,1.87E+13
Douglas,"Glenmark Generics Inc., USA",IDR,1.12E+13
Marie,Enaltus Inc,EUR,2.20E+13
Paula,NorthStar Rx LLC,PHP,3.51E+13
John,McKesson Packaging Services a business unit of McKesson Corporation,TJS,1.47E+13
Charles,West-ward Pharmaceutical Corp.,JPY,2.73E+12
Martin,McKesson Corp.,PLN,1.61E+13
Tina,"Taro Pharmaceuticals U.S.A., Inc.",CAD,3.25E+13
Mary,Select Brand,PEN,3.57E+12
Nicholas,DIRECT RX,CNY,2.23E+13
Rachel,"Deramzone Solutions, Inc.",RSD,6.87E+12
Marilyn,"EQUATE (Walmart Stores, Inc.)",GTQ,3.18E+13
Fred,Topco Associates LLC,EUR,5.03E+12
Earl,"Antigen Laboratories, Inc.",PHP,3.08E+13
Martin,STAT RX LLC USA,VEF,1.15E+13
Stephen,Novartis Pharmaceuticals Corporation,IDR,5.25E+12
Alice,"Ningbo Meiduo General Products Co., Ltd",PHP,1.66E+13
Denise,"DOLGENCORP, LLC",IDR,2.98E+12
Brenda,A-S Medication Solutions LLC,EUR,1.47E+13
Harry,Sanum Kehlbeck GmbH & Co. KG,JPY,1.82E+12
Joshua,Swabplus Inc.,CRC,6.55E+12
Kevin,Jafra Cosmetics International Inc,XAF,2.81E+13
Eugene,"Fresenius Kabi USA, LLC",CLP,1.70E+13
Charles,"G.S. COSMECEUTICAL USA, INC.",BRL,3.13E+13
Lillian,Alaven Pharmaceutical LLC,USD,1.24E+13
Irene,Uriel Pharmacy Inc.,TND,2.45E+13
Harold,Genuine First Aid LLC,PKR,4.93E+11
Eugene,"RockHealth, Inc",RUB,2.00E+13
Philip,King Bio Inc.,IDR,3.38E+13
Thomas,Wal-Mart Stores Inc,PHP,2.05E+13
Phyllis,"Johnson & Johnson Consumer Products Company, Division of Johnson & Johnson Consumer Companies, Inc.",IDR,3.37E+13
Chris,"Amphastar Pharmaceuticals, Inc.",IDR,1.77E+13
Rose,"SJ Creations, Inc.",PLN,8.67E+12
Gary,"Eon Labs, Inc.",SBD,3.05E+13
Jerry,"Allergy Laboratories, Inc.",EUR,1.54E+13
Anthony,International Beauty Exchange,RUB,2.86E+13
Anne,"Greenstone, LLC",EUR,1.89E+12
Paul,ParaPRO LLC,JPY,1.91E+13
Eugene,"Philosophy, Inc.",XOF,1.06E+12
Antonio,Major Pharmaceuticals,JPY,1.11E+12
Justin,Kroger Company,CNY,1.01E+13
Louise,NorthStar Rx LLC,BRL,2.98E+13
Edward,Stat Rx USA,RUB,7.24E+12
Anthony,"Antigen Laboratories, Inc.",LTL,1.00E+13
Denise,"Link Medical, Inc.",PHP,2.57E+13
Clarence,REMEDYREPACK INC.,GHS,1.01E+13
Keith,"Renaissance Pharma, Inc.",MXN,1.18E+13
Beverly,Bryant Ranch Prepack,THB,3.39E+13
Melissa,"AMI Cosmetic Co.,Ltd.",IDR,6.92E+12
Russell,Bausch & Lomb Incorporated,IDR,3.48E+13
Tammy,Mylan Institutional LLC,EUR,1.47E+13
Frank,Uriel Pharmacy Inc.,CNY,3.00E+13
Rebecca,Micro Labs Limited,NOK,1.14E+13
Brenda,"Altura Pharmaceuticals, Inc.",EUR,2.38E+13
Jerry,"Albion Co., Ltd",USD,3.02E+13
Janice,"GOJO Industries, Inc.",MXN,1.18E+13
Howard,"PharmaDerm, A division of Fougera Pharmaceuticals Inc.",IDR,3.05E+13
Johnny,Barr Laboratories Inc.,TZS,2.15E+13
Russell,REMEDYREPACK INC.,RUB,9.31E+12
George,BJWC,CUP,2.13E+12
Samuel,West-ward Pharmaceutical Corp.,EUR,1.62E+13
Louise,"Nelco Laboratories, Inc.",CNY,6.80E+12
Jacqueline,"PD-Rx Pharmaceuticals, Inc.",EUR,8.18E+12
Frank,"Avon Products, Inc.",RSD,3.27E+13
Howard,Wakefern Food Corporation,PLN,2.04E+13
Willie,BluePoint Laboratories,COP,1.12E+12
Bruce,Shionogi Inc.,SEK,1.84E+13
Sandra,"ALK-Abello, Inc.",CNY,2.34E+13
Heather,Aurobindo Pharma Limited,BRL,2.18E+13
Jose,Lake Erie Medical DBA Quality Care Products LLC,CNY,1.30E+12
Donald,Kroger Company,RUB,5.67E+12
Christine,"Johnson & Johnson Healthcare Products, Division of McNEIL-PPC, Inc.",CHF,2.14E+12
Kathryn,HARRIS TEETER,IDR,1.61E+13
Kenneth,"Glenmark Generics Inc., USA",BRL,2.98E+13
Angela,"Nelco Laboratories, Inc.",BRL,3.03E+13
Donald,"Novartis Consumer Health, Inc.",IDR,2.26E+13
Virginia,"GANZ U.S.A., LLC",CNY,2.15E+13
Louise,Qualitest Pharmaceuticals,EUR,2.62E+13
Judith,CLINIQUE LABORATORIES INC,CNY,1.51E+13
Douglas,REMEDYREPACK INC.,EUR,1.51E+13
Jacqueline,"Daiichi Sankyo, inc.",RUB,1.38E+13
Mildred,Western Family Foods Inc,DOP,5.30E+12
Ann,Major Pharmaceuticals,PHP,3.45E+13
Jeffrey,"AAA Pharmaceutical, Inc.",BAM,1.40E+13
Janet,Cadila Healthcare Limited,EUR,3.14E+13
Janet,"Nelco Laboratories, Inc.",EUR,2.04E+13
Marie,LUMENE OY,RUB,2.23E+13
Christine,Cardinal Health,UAH,7.63E+12
Deborah,Unique Holding Group Inc,PHP,2.00E+13
Lois,AbbVie Inc.,KRW,3.72E+12
Nancy,Hannaford Brothers Company,ETB,2.74E+12
Stephen,"Tarte, Inc",PHP,1.91E+13
David,"Physicians Total Care, Inc.",CNY,1.71E+13
Margaret,"Vivier Pharma, Inc.",THB,2.94E+13
Heather,McKesson,IDR,1.46E+13
Linda,Valeant Pharmaceuticals North America LLC,UAH,2.55E+13
Billy,Carilion Materials Management,UAH,2.99E+13
Laura,"Shopko Stores Operating Co., LLC",PLN,2.79E+13
Cheryl,"Paddock Laboratories, Inc.",ILS,1.32E+13
Alice,A-S Medication Solutions LLC,IRR,1.82E+13
Sharon,"Lupin Pharmaceuticals, Inc.",COP,3.05E+12
Kimberly,"Nelco Laboratories, Inc.",SYP,2.98E+13
Stephen,"Donovan Industries, Inc.",ZAR,3.49E+13
Norma,Dillon Medical Supply,VND,2.53E+13
Rachel,"Antigen Laboratories, Inc.",PEN,1.18E+13
Phillip,Lancaster S.A.M.,CNY,1.75E+13
Alice,Sun Pharma Global FZE,NZD,2.10E+13
Julia,American Health Packaging,JPY,1.10E+13
Earl,L. Perrigo Company,CNY,1.95E+13
Tina,Supervalu Inc,JPY,5.16E+12
Jacqueline,Torrent Pharmaceuticals Limited,EUR,3.22E+13
Barbara,Major Pharmaceuticals,MXN,1.19E+13
Robert,"Watson Laboratories, Inc.",PLN,7.97E+12
Kevin,"The Hain Celestial Group, Inc.",EUR,2.85E+13
Wayne,"Zila Therapeutics, Inc.",ARS,3.19E+13
Deborah,Sagent Pharmaceuticals,SEK,2.65E+13
Andrew,Aidarex Pharmaceuticals LLC,PEN,2.95E+13
Wayne,Qualitest Pharmaceuticals,PLN,1.35E+13
Patrick,Teva Pharmaceuticals USA Inc,EUR,2.26E+13
Jason,Cardinal Health,MAD,8.92E+12
Donald,"Independence Pharmaceuticals, LLC",IDR,1.10E+13
Brenda,Rite Aid,EUR,3.24E+13
Andrew,"Forest Laboratories, Inc.",PHP,8.98E+12
Christopher,Keltman Pharmaceuticals Inc.,NOK,2.28E+13
Betty,AmerisourceBergen Drug Corporation (Good Neighbor Pharmacy) 24385,PHP,1.89E+13
Nicholas,Micro Labs Limited,CNY,1.65E+13
Gloria,Bryant Ranch Prepack,CNY,2.97E+13
Cheryl,Wal-Mart Stores Inc.,PKR,2.39E+13
George,Topco Associates LLC,BRL,2.59E+13
Rose,CARDINAL HEALTH,USD,2.09E+12
Heather,KANEBO COSMETICS INC.,PEN,8.35E+12
Deborah,McKesson Contract Packaging,RUB,1.13E+13
Douglas,"Cispharma, Inc",MXN,2.70E+13
Barbara,REMEDYREPACK INC.,BRL,2.06E+12
Jose,Jell Pharmaceuticals Pvt. Ltd.,UAH,1.43E+13
Gary,GlaxoSmithKline LLC,CNY,4.08E+12
Kathryn,Kimberly-Clark Corporation,CNY,1.06E+13
Jean,Jubilant HollisterStier LLC,MXN,5.99E+12
Martha,Nesher Pharmaceuticals (USA) LLC,CNY,4.25E+12
Roy,"GREENBRIER INTERNATIONAL, INC.",CLP,1.32E+13
Jacqueline,Personal Care Products,GEL,2.67E+13
Gerald,A-S Medication Solutions LLC,PAB,2.99E+13
Shirley,Walgreens Co,PYG,3.15E+13
Craig,B. Braun Medical Inc.,EUR,1.18E+13
Laura,MAJOR PHARMACEUTICALS INC,UZS,1.29E+13
Roger,Pfizer Laboratories Div Pfizer Inc,CNY,1.62E+13
Lori,"NCS HealthCare of KY, Inc dba Vangard Labs",CAD,1.04E+13
Joan,Oral-B Laboratories,ARS,3.28E+13
Patrick,Midlothian Laboratories,KZT,2.68E+13
David,"Natural Creations, Inc.",EUR,2.04E+13
Howard,McKesson,PEN,7.27E+12
Judith,Apotex Corp,CNY,2.79E+13
Jonathan,"PharmaForce, Inc.",BRL,2.86E+12
Matthew,"Lupin Pharmaceuticals, Inc.",CAD,2.23E+13
Rose,"CHAIN DRUG CONSORTIUM, LLC",BRL,5.39E+12
Steve,"Nelco Laboratories, Inc.",ZAR,2.02E+13
Joshua,"Daiichi Sankyo, inc.",IDR,3.16E+13
Eric,"Altura Pharmaceuticals, Inc.",CNY,8.90E+12
Larry,The Wellness Center,BRL,1.85E+13
Lori,Lake Erie Medical & Surgical Supply DBA Quality Care Products LLC,IDR,7.34E+12
Kathy,"Newton Laboratories, Inc.",CNY,1.47E+13
Kimberly,Kmart Corporation,UAH,2.58E+13
Lillian,"Physicians Total Care, Inc.",PHP,2.16E+13
Ronald,"Bare Escentuals Beauty, Inc.",YER,6.25E+12
Joe,Sandoz Inc,BRL,1.05E+13
Kelly,Insight Pharmaceuticals,CNY,1.80E+13
Jonathan,"Physicians Total Care, Inc.",MXN,3.40E+13
Tina,"Dolgencorp, LLC",XAF,3.39E+13
Gregory,Sun Pharma Global FZE,CAD,3.19E+13
Jose,A-S Medication Solutions LLC,CNY,3.05E+13
Jeffrey,Procter & Gamble Manufacturing Company,EUR,2.46E+13
Martha,Bausch & Lomb Incorporated,MYR,1.42E+13
Frank,Contract Pharmacy Services-PA,IDR,1.41E+13
Emily,Mondelez Global LLC,RUB,1.55E+13
Nicole,Alberto-Culver USA Inc.,EUR,7.93E+12
Matthew,CVS Pharmacy,RUB,1.18E+13
Carolyn,"PD-Rx Pharmaceuticals, Inc.",JPY,2.02E+13
Amanda,"Dermalogica, Inc.",BRL,6.39E+12
Rebecca,American Health Packaging,RUB,2.65E+13
Walter,Cardinal Health,IDR,2.50E+13
Sandra,McKesson Contract Packaging,USD,4.44E+12
Lawrence,Lake Erie Medical & Surgial Supply DBA Quality Care Products LLC,IDR,8.42E+12
Janet,CVS Pharmacy,PEN,5.00E+12
Mildred,"Humco Holding Group, Inc.",NGN,4.02E+12
Louise,Meijer Distribution Inc,PAB,1.74E+13
Janice,"United Welding Supply Co., Inc",CNY,2.91E+13
Beverly,State of Florida DOH Central Pharmacy,EUR,1.96E+13
Scott,"Ultradent Products, Inc.",PHP,6.56E+12
Sandra,"Hospira, Inc.",CZK,1.44E+13
Louise,Incyte Corporation,COP,9.41E+12
Jose,"APP Pharmaceuticals, LLC",EUR,8.04E+12
Rachel,Novartis Pharmaceuticals Corporation,IDR,3.19E+13
Mary,Greenstone LLC,KGS,4.39E+12
Frank,"Lantheus Medical Imaging, Inc.",RUB,3.38E+13
William,"Preferred Pharmaceuticals, Inc.",IDR,4.50E+12
Benjamin,Hyland's,IDR,1.39E+13
Eric,"Newton Laboratories, Inc.",EUR,9.53E+12
Gloria,"Caresteam Health, Inc.",CAD,3.02E+13
Phillip,"Rugby Laboratories, Inc.",PHP,1.67E+13
Steve,"AvKARE, Inc.",IDR,2.36E+13
Annie,REMEDYREPACK INC.,PHP,2.62E+13
Frank,"NCS HealthCare of KY, Inc dba Vangard Labs",ZAR,9.11E+12
Todd,Apotheca Company,USD,7.90E+12
Christina,Rite Aid,CNY,2.34E+13
Kathy,"Fresenius Kabi USA, LLC",EUR,1.64E+13
Ernest,"Antigen Laboratories, Inc.",SYP,8.11E+12
Sara,"Antigen Laboratories, Inc.",USD,1.39E+13
Lori,Purminerals,EUR,1.95E+13
Sandra,Family Dollar,PEN,3.65E+12
Ann,"AAA Pharmaceutical, Inc.",MXN,1.50E+13
Robin,"Epic Pharma, LLC",CNY,1.36E+13
Steven,Aurobindo Pharma Limited,IDR,3.40E+13
Dennis,"Novartis Consumer Health, Inc.",USD,3.10E+12
Anna,"VENTURA INTERNATIONAL LTD.,",IDR,1.83E+13
Barbara,"Antigen Laboratories, Inc.",LYD,5.20E+12
Earl,"Tropical Seas, Inc.",PHP,1.14E+13
Ruby,"Antigen Laboratories, Inc.",UZS,2.81E+13
Bobby,THE KROGER CO,ARS,2.23E+13
Catherine,Akorn - Strides LLC,RUB,8.15E+12
Henry,Teva Pharmaceuticals USA Inc,ALL,2.30E+13
Matthew,Jubilant HollisterStier LLC,CNY,1.77E+13
Russell,Shanghai Weierya Daily Chemicals Factory,ARS,2.92E+13
Terry,Merck Sharp & Dohme Corp.,PAB,1.50E+13
Joyce,Omorovicza Kozmetikai Kft.,PHP,3.45E+13
Jessica,REMEDYREPACK INC.,PAB,1.02E+13
Willie,Mylan Institutional Inc.,RSD,7.34E+12
Joyce,"Hospira, Inc.",EUR,2.18E+13
Keith,The Kroger Co,CNY,7.17E+12
Jimmy,"Rising Pharmaceuticals, Inc.",CNY,1.30E+13
Andrew,"Native Remedies, LLC",KES,2.75E+13
Lawrence,"PD-Rx Pharmaceuticals, Inc.",BGN,1.58E+13
Beverly,Bioblockade LLC,CNY,2.55E+13
Martin,SHISEIDO AMERICA INC.,CZK,3.19E+13
William,MEGASOL COSMETIC GMBH,RUB,1.89E+13
Philip,"Teva Parenteral Medicines, Inc.",CNY,2.04E+13
Nancy,Pliva Inc.,TND,2.65E+13
Edward,"PD-Rx Pharmaceuticals, Inc.",EUR,3.15E+13
Patricia,Wal-Mart Stores Inc,MDL,2.45E+13
Melissa,CVS Pharmacy,CNY,1.05E+13
Harry,CVS Pharmacy,IDR,2.35E+13
Annie,P and L Development of New York Corporation,EUR,5.83E+12
Amanda,"Watson Pharma, Inc.",ILS,1.69E+13
Billy,"Dermalogica, Inc.",BRL,4.76E+12
Julie,Neutrogena Corporation,NOK,3.17E+13
Walter,Ucyclyd Pharma Inc.,JPY,6.67E+12
Betty,GlaxoSmithKline Consumer Healthcare LP,USD,3.14E+13
Frances,Walgreen Company,PHP,2.68E+13
Brian,"ALK-Abello, Inc.",PEN,2.56E+13
Gerald,KAISER FOUNDATION HOSPITALS,CNY,2.34E+13
Anna,"Nelco Laboratories, Inc.",PEN,2.38E+13
Arthur,WALGREEN COMPANY,CAD,2.18E+12
Gerald,"Hospira, Inc.",ARS,1.81E+13
Frank,C.F.E.B. Sisley,SEK,3.11E+13
Sarah,Your Military Exchange,CNY,1.03E+13
Carl,Bryant Ranch Prepack,CNY,7.03E+12
Randy,A-S Medication Solutions LLC,CZK,3.53E+13
Julie,RedPharm Drug Inc.,EUR,2.34E+13
Maria,"ALK-Abello, Inc.",HNL,3.26E+13
Randy,Apotex Corp.,HTG,2.28E+13
Norma,"Lifewave, Inc.",VEF,8.80E+12
Sara,DZA Brands LLC,CNY,7.76E+12
Howard,Cardinal Health,JPY,2.49E+13
Rebecca,Walgreen Company,CUP,5.27E+12
Harry,"Kinray, Inc",CNY,9.49E+12
Diane,REMEDYREPACK INC.,XAF,3.33E+13
Michael,Patterson Dental Supply Inc,PHP,3.15E+13
Lori,"Takeda Pharmaceuticals America, Inc.",PHP,1.68E+13
Jean,TYA Pharmaceuticals,RUB,1.07E+13
Billy,VIATREXX BIO INCORPORATED,MXN,1.95E+13
Deborah,Jubilant HollisterStier LLC,UAH,2.64E+13
James,"Physicians Total Care, Inc.",IDR,2.75E+13
Julia,West-ward Pharmaceutical Corp.,IDR,3.87E+12
Douglas,Supervalu Inc,RUB,2.42E+13
Heather,Macoven Pharmaceuticals,PHP,1.90E+13
Carl,"Nelco Laboratories, Inc.",IQD,1.17E+13
Judith,"Beacon Promotions, Inc.",CNY,2.32E+13
Carolyn,Safeway Inc.,CNY,1.52E+13
Victor,Parfums Christian Dior,BSD,3.19E+13
Brian,State of Florida DOH Central Pharmacy,IDR,2.65E+13
Ryan,"Antigen Laboratories, Inc.",MAD,1.24E+13
Angela,REMEDYREPACK INC.,BRL,1.71E+13
Sharon,Natural Health Supply,UYU,3.23E+13
Juan,"Nelco Laboratories, Inc.",CNY,1.35E+13
Adam,Jubilant HollisterStier LLC,BYR,1.54E+13
Jeffrey,Procter & Gamble Manufacturing Company,SEK,2.61E+13
Martha,Flutrends International Corporation,USD,8.38E+12
Harry,"Antigen Laboratories, Inc.",HNL,3.12E+13
Willie,"Lupin Pharmaceuticals, Inc",KZT,4.42E+12
Bobby,"Pharmaderm, A division of Nycomed US Inc.",PLN,2.00E+13
Walter,Sunmark,PHP,3.89E+12
Ronald,Chan Yat Hing Medicine Factory,CNY,3.41E+12
Denise,Wockhardt Limited,PLN,2.26E+13
Frank,"Goldessence, Limited",IDR,2.92E+13
Diane,Ventura Corporation LTD.,CNY,2.37E+13
Timothy,"PD-Rx Pharmaceuticals, Inc.",CNY,9.62E+12
Elizabeth,Cardinal Health,NOK,2.40E+13
Wanda,Lancaster S.A.M.,IDR,1.75E+13
William,"Watson Laboratories, Inc.",BRL,3.34E+13
Wanda,Unit Dose Services,KMF,2.16E+13
Jessica,PuraVation Pharmaceuticals Inc,MMK,1.64E+13
Donald,CVS PHARMACY,CNY,1.99E+13
Arthur,"Synergy Formulas, Inc.",IDR,2.09E+12
Kimberly,Perrigo New York Inc,TZS,1.31E+12
Timothy,Jubilant HollisterStier LLC,CNY,1.84E+13
Sean,West-Ward Pharmaceutical Corp.,USD,2.39E+13
Jonathan,"Nelco Laboratories, Inc.",CNY,3.26E+13
Wanda,Novartis Pharmaceuticals Corporation,RUB,1.45E+13
Doris,Swiss-American Products,IDR,1.26E+13
Louise,REMEDYREPACK INC.,IDR,2.15E+12
Ann,Bonne Bell LLC,ZAR,3.35E+13
Judith,Western Family Foods Inc,CNY,3.29E+13
Larry,CVS Pharmacy,PLN,2.84E+13
Diane,"Hawaii Home Infusion Associates, Ltd.",RUB,9.48E+12
Rebecca,"Physicians Total Care, Inc.",RUB,2.16E+13
Joseph,CLOETTA ITALIA S.r.l.,MNT,1.68E+13
Jacqueline,Valeant Pharmaceuticals North America LLC,PHP,2.94E+12
Aaron,YVES ROCHER NORTH AMERICA INC,CNY,3.11E+13
Johnny,Hannaford Brothers Company,CNY,1.19E+13
Amy,Genuine First Aid LLC,CNY,3.04E+13
Joshua,"Blu Pharmaceuticals, LLC",RUB,3.11E+13
Thomas,"Boehringer Ingelheim Pharmaceuticals, Inc.",UAH,1.85E+13
Michelle,Kroger Company,IDR,6.59E+12
Mark,Mylan Institutional Inc.,CNY,1.04E+13
Thomas,"Preferred Pharmaceuticals, Inc",CNY,2.47E+13
Joseph,"Exact-Rx, Inc.",NPR,1.37E+13
William,"ALK-Abello, Inc.",RUB,1.98E+13
Antonio,REMEDYREPACK INC.,PHP,2.50E+13
Michelle,Mylan Pharmaceuticals Inc.,EUR,2.12E+13
Terry,"Davion, Inc dba HABA",CNY,1.68E+13
Anne,"Antigen Laboratories, Inc.",PHP,2.81E+13
Mark,Cardinal Health,SEK,2.25E+13
Mark,"X-GEN Pharmaceuticals, Inc.",COP,5.02E+12
Jacqueline,Ventura International LTD.,IDR,9.43E+12
Nicholas,"Mycone Dental Supply Co., Inc DBA Keystone Industries and Deepak Products Inc.",CUP,6.41E+12
Joyce,Procter & Gamble Manufacturing Company,IDR,1.52E+13
David,REMEDYREPACK INC.,NGN,2.55E+13
Marilyn,Oceanside Pharmaceuticals,IDR,5.74E+12
Kathy,"Physicians Total Care, Inc.",BRL,2.25E+13
Albert,"Mallinckrodt, Inc.",EUR,6.78E+12
Jeffrey,Bryant Ranch Prepack,KZT,1.76E+13
Tina,Moore Medical LLC,IDR,3.05E+12
Robert,"Antigen Laboratories, Inc.",RSD,1.23E+13
Steven,VIATREXX BIO INCORPORATED,TZS,8.53E+11
John,"H.J. Harkins Company, Inc.",CUP,3.99E+12
Anna,Breakthrough Products Inc.,MAD,1.19E+12
Jennifer,The Tetra Corporation,IDR,2.46E+13
Denise,"Chain Drug Consortium, LLC",SEK,3.51E+13
Rebecca,"Acella Pharmaceuticals, LLC",BOB,3.41E+13
Denise,Baxter Healthcare Corporation,ILS,3.16E+13
Shirley,Mylan Pharmaceuticals Inc.,IDR,2.62E+13
Marie,RedPharm Drug Inc.,CNY,9.90E+11
David,Ecolab Inc.,CAD,3.37E+13
Ashley,Teva Pharmaceuticals USA Inc,CLP,2.12E+13
Patrick,DSHealthcare,BDT,3.00E+12
Dennis,Neutrogena Corporation,BYR,2.23E+13
Janet,Cardinal Health,KPW,4.75E+12
Daniel,"Nelco Laboratories, Inc.",CNY,1.59E+13
Charles,"NCS HealthCare of KY, Inc dba Vangard Labs",IDR,2.05E+13
Diane,"True Botanica, LLC",YER,2.83E+13
Dorothy,Five Below,CAD,2.40E+13
David,"Watson Laboratories, Inc.",VEF,3.03E+13
Ann,"ALK-Abello, Inc.",IDR,2.91E+13
Andrea,Kimberly-Clark Corporation,JPY,1.17E+13
Douglas,Keltman Pharmaceuticals Inc.,CNY,5.76E+12
Daniel,"Pharbest Pharmaceuticals, Inc.",HNL,3.02E+13
Michelle,"Taro Pharmaceuticals U.S.A., Inc.",EUR,2.17E+13
Roger,Homeocare Laboratories,IDR,7.18E+12
Richard,Walgreen Company,OMR,1.11E+13
Shirley,Target Corporation,SEK,1.09E+13
Maria,"Physicians Total Care, Inc.",USD,2.55E+13
Gary,Walgreen Co,THB,1.13E+13
Tammy,Kremers Urban Pharmaceuticals Inc.,PHP,3.17E+12
Roy,"NATURE REPUBLIC CO., LTD.",GMD,1.90E+13
Anna,Cardinal Health,CNY,7.56E+12
Sandra,"Boehringer Ingelheim Pharmaceuticals, Inc.",PHP,1.27E+13
Jeffrey,Save-A-Lot Food Stores Ltd,USD,1.86E+13
Sharon,LivCorp Inc.,UAH,1.02E+13
Diana,"Aphena Pharma Solutions - Tennessee, LLC",EUR,2.14E+13
Justin,Dr.Reddy's Laboratories Limited,IDR,2.27E+13
George,Bryant Ranch Prepack,IDR,8.66E+12
Melissa,Apotheca Company,CNY,2.00E+13
Lillian,PBM Pharmaceuticals Inc.,BRL,1.08E+12
Johnny,"Allergan, Inc.",RUB,3.35E+13
Alice,REMEDYREPACK INC.,PLN,9.82E+12
Ruby,REMEDYREPACK INC.,USD,1.15E+13
Christopher,philosophy,IDR,2.72E+13
Todd,AstraZeneca Pharmaceuticals LP,PEN,2.74E+13
Joseph,"Physicians Total Care, Inc.",MUR,1.37E+12
Antonio,"Amneal-Agila, LLC",PHP,2.57E+13
Janet,"CodaDose, Inc.",MRO,1.97E+12
Ernest,"Pfizer Labs, Division of Pfizer Inc.",BRL,1.02E+13
Rose,"Allermed Laboratories, Inc.",CNY,9.40E+12
Rachel,"American Regent, Inc.",USD,5.32E+11
Diane,STAT RX USA LLC,IDR,2.63E+13
Jesse,"Weleda, Inc.",IDR,1.73E+13
Eugene,"Dispensing Solutions, Inc.",IDR,2.81E+13
Michelle,Walgreen Company,MUR,1.28E+13
John,Valeant Pharmaceuticals North America LLC,PHP,3.23E+13
Jennifer,Rebel Distributors Corp,BRL,3.18E+13
Lisa,WALGREEN CO.,RUB,4.72E+12
Sharon,"Par Pharmaceutical, Inc.",MYR,1.95E+13
Christopher,"Cypress Pharmaceutical, Inc.",IDR,2.76E+13
Cheryl,Ventura Corporation LTD,CNY,2.65E+13
Ruth,Pierre Fabre Dermo Cosmetique,RUB,2.04E+13
Beverly,HOMEOLAB USA INC,BWP,1.75E+12
Gregory,Good Neighbor Pharmacy,PLN,1.09E+13
Deborah,Linde Canada LTD,EUR,1.50E+13
Julie,Camber Pharmaceuticals Inc.,CNY,3.30E+12
Judy,Beiersdorf Inc,EUR,3.20E+13
Sara,American Health Packaging,RUB,1.05E+13
Maria,Pharmacia and Upjohn Company,USD,2.16E+13
Mark,Cardinal Health,CNY,1.36E+13
Debra,"Meijer Distribution, Inc",CNY,1.57E+12
Amanda,Kao Brands Company,CNY,2.79E+13
Stephen,"Nautilus Neurosciences, Inc.",COP,1.64E+13
Elizabeth,"Good Sense (Geiss, Destin & Dunn, Inc.)",PHP,3.45E+13
Janet,PureTek Corporation,CNY,6.80E+12
Rebecca,DZA BRANDS LLC,THB,6.45E+12
Catherine,LernaPharm Loris Inc.,VND,2.86E+13
Wayne,BluePoint Laboratories,CNY,1.93E+13
Elizabeth,CLINIQUE LABORATORIES INC,BRL,8.91E+11
Linda,Clinical Solutions Wholesale,EUR,9.82E+11
Mary,Carilion Materials Management,IDR,1.04E+13
Virginia,H E B,PEN,3.35E+13
Donna,"CVS Pharmacy, Inc.",PHP,2.10E+13
Donna,"NATURE REPUBLIC CO., LTD.",EUR,2.73E+13
Adam,RITE AID CORPORATION,MMK,1.24E+13
Rachel,Grahams Natural Alternatives Pty Ltd,UYU,8.56E+12
Mary,HyVee Inc,GTQ,2.91E+13
Katherine,Publix Super Markets Inc,IDR,8.63E+12
Debra,"Graceway Pharmaceuticals, LLC",HRK,2.00E+13
Brian,Fenwal Inc,SBD,8.51E+12
Jesse,Five Below,SEK,2.22E+13
Eric,"ALK-Abello, Inc.",CAD,2.27E+13
Evelyn,"Eon Labs, Inc.",NPR,1.13E+13
Barbara,ReadyMeds,EUR,1.86E+13
Andrea,"Sallus Laboratories, LLC",CNY,3.13E+13
Thomas,Physicians Formula Inc,LYD,2.11E+13
Earl,The Body Shop Wake Forest,IDR,2.68E+13
Samuel,"Nelco Laboratories, Inc.",CNY,3.44E+13
Janet,"Nelco Laboratories, Inc.",IDR,3.49E+12
Anne,West-ward Pharmaceutical Corp,EUR,1.81E+13
Douglas,"Glenmark Generics Inc., USA",BRL,3.48E+13
Tammy,"Chattem, Inc.",EUR,4.48E+12
Randy,Kremers Urban Pharmaceuticals Inc.,CNY,1.29E+13
Debra,Teva Pharmaceuticals USA Inc,IDR,3.43E+13
Lawrence,"Western Family Food, Inc.",CNY,9.59E+12
Roger,"SJ Creations, Inc.",PEN,1.47E+13
Jessica,"Deseret Biologicals, Inc.",EUR,2.35E+13
Kathleen,Lake Erie Medical DBA Quality Care Products LLC,CNY,2.40E+13
Cheryl,"Energique, Inc.",SEK,1.96E+13
Kathleen,Sunmark,CNY,3.05E+13
Jason,"Sungwon Pharmaceutical Co., Ltd.",KPW,1.78E+13
Roy,"Astellas Pharma US, Inc.",CNY,2.48E+13
Sara,AMOREPACIFIC,SEK,2.61E+13
Christopher,"Ballay Pharmaceuticals, Inc",ARS,2.94E+13
Mary,Rejoice International,EUR,1.85E+13
Emily,Jubilant HollisterStier LLC,LAK,2.24E+13
Amanda,"Liddell Laboratories, Inc.",EUR,1.41E+13
Charles,"Genentech, Inc.",MXN,1.68E+13
Aaron,"Allergy Laboratories, Inc.",ARS,1.42E+13
Fred,REMEDYREPACK INC.,BYR,3.47E+13
Adam,Rebel Distributors Corp,CNY,2.34E+13
Jane,"Nelco Laboratories, Inc.",BRL,2.38E+13
Benjamin,Rebel Distributors Corp.,PGK,4.18E+12
Jane,Apotex Corp.,UYU,1.65E+13
Jerry,Forces of Nature,UAH,2.26E+13
Joyce,"AvKARE, Inc.",RUB,5.26E+12
Ryan,"iNova Pharmaceuticals Pty, Ltd",MWK,1.50E+13
Patrick,Dermarite Industries LLC,CZK,2.09E+13
Theresa,Bristol-Myers Squibb Pharma Company,ALL,2.84E+13
Jessica,NorthStar RX LLC,EUR,3.30E+12
Ernest,Walgreen Company,PLN,8.96E+12
Sarah,Walter E. Nelson Co.,IRR,2.71E+13
Annie,Jubilant HollisterStier LLC,AMD,2.86E+13
Arthur,Major Pharmaceuticals,CNY,3.45E+13
Shirley,REMEDYREPACK INC.,EUR,1.08E+13
Kevin,"Erno Laszlo, Inc.",CNY,3.15E+13
Jeremy,Acme United Corporation,IDR,1.16E+13
Kathryn,Apotheca Company,CNY,1.26E+13
Dennis,Cadila Healthcare Limited,COP,4.93E+12
Anne,"Alva-Amco Pharmacal Companies, Inc.",RUB,1.25E+13
James,REMEDYREPACK INC.,RUB,2.55E+13
Jeremy,Neutrogena Corporation,EUR,5.19E+11
Carlos,CVS Pharmacy,PHP,1.34E+13
Judith,"Geiss, Destin + Dunn, Inc",BDT,1.83E+13
Timothy,Teva Pharmaceuticals USA Inc,IDR,1.14E+13
Robin,"Middlesex Gases and Technologies, Inc.",IDR,1.56E+12
Elizabeth,"NexMed (USA), Inc.",EUR,5.73E+12
Robin,Clinical Solutions Wholesale,RUB,3.88E+12
Gregory,SHISEIDO AMERICAS CORPORATION,VND,1.56E+13
Daniel,Kroger Company,THB,6.81E+12
Patricia,Baxter Healthcare Corporation,CNY,2.76E+12
Susan,Jubilant HollisterStier LLC,PLN,2.32E+13
Juan,GERITREX CORP,CNY,2.75E+13
Shawn,Remedy Makers,CNY,8.48E+12
Barbara,"Avon Products, Inc.",EUR,3.29E+13
Scott,"Preferred Pharmaceuticals, Inc.",EUR,3.48E+13
Craig,"Nelco Laboratories, Inc.",SYP,2.55E+13
Tina,Rebel Distributors Corp,CNY,1.64E+12
Christina,Neutrogena Corporation,CNY,3.32E+13
Catherine,"Taro Pharmaceuticals U.S.A., Inc.",EUR,8.58E+12
Victor,Niconovum USA Inc.,KPW,2.25E+13
George,Wal-Mart Stores Inc,BDT,2.39E+12
Kelly,"Greenstone, LLC",PHP,1.31E+13
Betty,AGL Inhalation Therapy Co.,RSD,3.13E+13
Joshua,Par Pharmaceutical Inc,IDR,9.37E+12
Stephanie,"Wal-Mart Stores, Inc.",RSD,4.49E+11
Arthur,Bioelements,ARS,3.16E+13
Frances,Mallinckrodt Inc.,EUR,2.23E+13
Marilyn,Rebel Distributors Corp,HRK,2.44E+13
Bobby,Cardinal Health,IDR,2.75E+13
Rose,"Physicians Total Care, Inc.",IDR,8.40E+12
Margaret,Ventura Corporation LTD.,IDR,5.53E+12
Donna,BAXTER HEALTHCARE CORPORATION,RUB,1.45E+13
William,"Wechem, Inc.",CNY,2.86E+13
Melissa,"Hospira, Inc.",USD,3.43E+13
George,CVS Pharmacy,EUR,2.87E+12
Janice,"Preferred Pharmaceuticals, Inc.",EUR,2.60E+12
Philip,"Shopko Stores Operating Co., LLC.",CNY,1.53E+13
Juan,"Dispensing Solutions, Inc.",USD,2.54E+13
Frank,"Ascend Laboratories, LLC",CNY,6.02E+12
Jesse,L Perrigo Company,CNY,5.97E+12
Nicholas,REMEDYREPACK INC.,UAH,1.26E+13
Jennifer,"SPIRIT PHARMACEUTICALS,LLC",RSD,2.93E+12
Annie,"Nelco Laboratories, Inc.",UAH,1.88E+13
Brandon,"THEFACESHOP CO., LTD.",MYR,6.93E+12
Daniel,"ALK-Abello, Inc.",RUB,2.54E+13
Anthony,Sicos Et Cie (Lancome),CNY,1.58E+13
Katherine,King Bio Inc.,CNY,2.12E+13
Julie,Northstar Rx LLC,PHP,3.52E+13
Sandra,"Taro Pharmaceuticals U.S.A., Inc.",BRL,6.64E+12
Carolyn,Ventura Corporation LTD.,CNY,1.14E+13
Kelly,Health Care Products,PHP,3.42E+13
Stephen,Family Dollar,THB,8.67E+12
Daniel,Rebel Distributors Corp.,BRL,2.47E+12
Jean,"Greenbrier International, Inc.",CNY,7.90E+12
Susan,Uriel Pharmacy Inc.,JPY,7.66E+12
Doris,Kroger Company,PKR,2.92E+13
Bonnie,Cosmelor Ltd,PEN,2.76E+13
Henry,"Aphena Pharma Solutions - Tennessee, LLC",HRK,1.44E+13
Paul,REMEDYREPACK INC.,CNY,6.26E+12
Laura,"Elizabeth Arden, Inc",IDR,1.79E+13
Martha,"Golden State Medical Supply, Inc.",MXN,3.15E+13
Ruth,"Nelco Laboratories, Inc.",SEK,9.87E+11
Martin,"Nelco Laboratories, Inc.",BRL,2.59E+13
Marie,Provision Medical,BRL,1.61E+13
Evelyn,Rebel Distributors Corp,CNY,1.50E+13
Mary,"Deseret Biologicals, Inc.",PLN,2.57E+13
Linda,"Actavis Pharma, Inc.",PHP,1.21E+12
Ralph,"Lannett Company, Inc.",EUR,2.84E+12
Kelly,HOMEOLAB USA INC,EUR,2.55E+13
Larry,ECR Pharmaceuticals,CNY,3.44E+13
Kevin,"Exelan Pharmaceuticals, Inc.",HNL,3.43E+13
Henry,Cardinal Health,MXN,9.49E+12
Harold,HEB,AZN,1.36E+13
Teresa,Meda Pharmaceuticals Inc.,CNY,1.58E+13
Cynthia,Cardinal Health,MXN,1.38E+13
George,Uriel Pharmacy Inc.,PLN,9.57E+12
Jacqueline,"Actavis Pharma, Inc.",IDR,1.64E+13
Sara,Major,IDR,5.01E+12
Rebecca,"Roxane Laboratories, Inc.",MAD,2.98E+13
Marilyn,"SHISEIDO CO., LTD.",PEN,3.34E+13
Ernest,Major Pharmaceuticals,EUR,2.73E+13
Mark,Bryant Ranch Prepack,ARS,2.38E+13
Steve,"Physicians Total Care, Inc.",SEK,8.48E+12
Ronald,"Nelco Laboratories, Inc.",ARS,1.24E+13
Julia,Virtus Pharmaceuticals LLC,RUB,1.44E+13
Judy,"Fresenius Kabi USA, LLC",CNY,3.34E+13
Lawrence,A-S Medication Solutions LLC,RUB,3.10E+13
Jimmy,Amerifoods Trading Company,EUR,3.02E+12
Jesse,Wockhardt USA LLC.,UGX,2.91E+13
Heather,CVS Pharmacy,JPY,2.81E+12
Randy,Conopco Inc. d/b/a Unilever,PYG,3.07E+12
Lois,"Physicians Total Care, Inc.",BOB,2.23E+13
Joshua,Performance Health Inc.,KRW,3.21E+13
Teresa,"OnPoint, Inc",LTL,5.24E+12
Kathryn,American Health Packaging,PEN,3.26E+13
Kelly,Mylan Institutional LLC,RUB,1.58E+13
Scott,Qualitest Pharmaceuticals,CNY,2.15E+13
Ruby,"Antigen Laboratories, Inc.",SEK,7.75E+12
Gloria,"Deseret Biologicals, Inc.",MXN,1.77E+13
Louise,"Inel Cosmetics Co., Ltd.",PHP,3.12E+13
Jacqueline,American Sales Company,IDR,9.51E+12
Gary,REMEDYREPACK INC.,EUR,3.43E+13
Todd,"Autumn Harp, Inc.",PHP,2.41E+13
Sara,Cardinal Health,EUR,2.34E+13
Rebecca,"G&W Laboratories, Inc.",EUR,2.45E+13
Martha,Aurobindo Pharma Limited,RUB,1.75E+13
Frances,Walgreen Company,PHP,2.58E+13
Joan,"DAVA Pharmaceuticals, Inc.",PKR,2.66E+13
Gary,Natural Wonders,EUR,5.47E+12
Lillian,"Jets, Sets, & Elephants Beauty Corp.",PHP,3.03E+13
Lois,Bayer HealthCare LLC,BRL,1.13E+13
Harold,Cardinal Health,CNY,7.47E+12
Eugene,"Newton Laboratories, Inc.",IDR,2.59E+13
Sandra,"Physicians Total Care, Inc.",RSD,1.78E+13
Lillian,"Glenmark Generics Inc., USA",BYR,2.61E+13
Diana,Novartis Pharmaceuticals Corporation,BRL,6.08E+12
Linda,"Antigen Laboratories, Inc.",SEK,3.64E+12
Susan,"Teva Parenteral Medicines, Inc.",VEF,1.10E+13
Larry,Perrigo New York Inc,IDR,4.93E+12
Janice,Uriel Pharmacy Inc.,NGN,2.97E+13
Nancy,Sandoz Inc.,RUB,4.90E+12
Dorothy,KINeSYS Pharmaceuticals Inc.,MYR,6.80E+12
Jean,"Antigen Laboratories, Inc.",BRL,3.30E+13
Antonio,Lundbeck Inc.,UAH,2.44E+13
Arthur,"Nelco Laboratories, Inc.",CNY,1.65E+13
Randy,Amerisource Bergen,CNY,2.99E+13
Antonio,CRC (Cosmoceutical Research Center),CNY,2.99E+13
Heather,"Nelco Laboratories, Inc.",CNY,1.20E+13
Tina,LABORATOIRES M&L,KPW,1.58E+13
Ruby,USPharmaCo,EUR,3.48E+13
Patrick,AMOREPACIFIC,COP,2.55E+13
Amy,"H.J. Harkins Company, Inc.",CNY,1.71E+13
Diana,Kmart Corporation,JMD,1.68E+13
Bobby,"Valu Merchandisers, Co.",JPY,7.79E+12
Margaret,"Vitality Works, Inc.",YER,1.33E+13
Lori,Teva Pharmaceuticals USA Inc,CNY,2.48E+12
Phyllis,Teva Pharmaceuticals USA Inc,ILS,3.14E+13
Rebecca,Bioniche Pharma USA LLC,EUR,1.10E+13
Matthew,"Otsuka America Pharmaceutical, Inc.",PHP,1.47E+13
Jesse,Lundbeck Inc.,IDR,1.55E+13
Alice,American Health Packaging,ZAR,9.64E+11
Donna,"Nelco Laboratories, Inc.",CAD,2.88E+13
Rebecca,"PD-Rx Pharmaceuticals, Inc.",JPY,1.18E+13
Jack,Rebel Distributors Corp,BRL,4.98E+11
Amy,Heritage Pharmaceuticals Inc.,IDR,2.75E+12
Anna,"Nelco Laboratories, Inc.",IDR,3.15E+13
Catherine,Sandoz Inc,IDR,2.69E+13
Cynthia,STI Pharma LLC,USD,4.55E+12
Jack,"PD-Rx Pharmaceuticals, Inc.",CZK,7.82E+12
Doris,United Exchange Corp.,UGX,1.31E+13
Rachel,Rebel Distributors Corp.,EUR,8.41E+12
Scott,"Watson Laboratories, Inc.",NOK,7.29E+12
Larry,P & L Development of New York Corporation,PEN,1.48E+13
Ann,"SJ Creations, Inc.",XOF,1.26E+13
Bobby,Kmart Corporation,NOK,2.36E+13
Margaret,Conopco Inc. d/b/a Unilever,CZK,2.39E+13
Michelle,"PD-Rx Pharmaceuticals, Inc.",CNY,2.07E+13
Raymond,Guna spa,IDR,1.78E+13
William,REMEDYREPACK INC.,JPY,2.72E+13
Louis,"Nelco Laboratories, Inc.",BAM,4.93E+12
Jose,"Avon Products, Inc.",CNY,2.78E+13
Joshua,Fougera Pharmaceuticals Inc.,CAD,1.28E+13
John,"PD-Rx Pharmaceuticals, Inc.",PHP,2.17E+13
Marilyn,"Claris Lifesciences, Inc.",THB,1.89E+13
Beverly,"Native Remedies, LLC",KRW,3.13E+13
Stephanie,Western Family Foods inc,IDR,2.15E+13
Alan,LANGE SAS,CNY,2.42E+13
Douglas,Cobalt Laboratories Inc.,DOP,9.12E+12
Betty,AbbVie Inc.,PHP,2.43E+13
Catherine,"Nelco Laboratories, Inc.",IDR,1.44E+13
Beverly,"Physicians Total Care, Inc.",JPY,4.09E+12
Matthew,"Alcon Laboratories, Inc.",MGA,3.15E+13
Alice,Wal-Mart Stores Inc,CNY,2.03E+13
Craig,AR Medicom Inc,MYR,2.06E+12
Jerry,"Hi-Tech Pharmacal Co., Inc.",RUB,1.83E+13
Mark,BIO-VED Pharmaceuticals,MYR,8.06E+12
Teresa,"Antigen Laboratories, Inc.",THB,3.21E+13
Teresa,"Nuro Pharma, Inc.",PHP,1.51E+13
Robin,"Laboratorios Roldan, S.A.",EUR,3.03E+13
Joe,RedPharm Drug Inc.,KGS,2.09E+13
Jacqueline,"Taro Pharmaceuticals U.S.A., Inc.",CNY,1.33E+13
George,West-ward Pharmaceutical Corp.,THB,2.24E+13
Barbara,Pharmacia and Upjohn Company,CNY,3.40E+12
Lawrence,Rebel Distributors Corp,CNY,1.46E+13
Helen,Preferred Plus (Kinray),XOF,2.62E+13
Christine,Aidarex Pharmaceuticals LLC,IDR,1.79E+13
Judith,"APP Pharmaceuticals, LLC",JPY,2.35E+13
Aaron,"Physicians Total Care, Inc.",EUR,1.96E+13
Bobby,The Clorox Company,EUR,1.34E+12
Louis,"Caraco Pharmaceutical Laboratories, Ltd.",EUR,3.52E+13
George,REMEDYREPACK INC.,GBP,2.13E+13
Randy,Valeant Pharmaceuticals North America LLC,THB,3.16E+13
Andrea,Belmora LLC,MNT,3.14E+13
Frank,"Time Cap Labs, Inc",PLN,2.30E+13
Martin,PHARMAZEUTISCHE FABRIK DR. RECKEWEG & CO,EUR,1.40E+13
Clarence,American Health Packaging,CZK,1.66E+13
Helen,Sun Products Corporation,LYD,3.52E+13
Brian,GoodCare by CPCI,EUR,1.76E+12
Melissa,REMEDYREPACK INC.,ARS,1.57E+13
Clarence,Zermat Internacional S.A. de C.V.,UAH,5.15E+12
Marilyn,Qualitest Pharmaceuticals,CNY,3.51E+13
Arthur,CSL Behring AG,EUR,1.70E+13
Eric,Amerisource Bergen,RUB,3.41E+13
Philip,Qualitest Pharmaceuticals,CNY,3.48E+13
Keith,"The Hain Celestial Group, Inc.",CNY,1.69E+13
Louis,BioActive Nutritional,CNY,2.37E+13
Alice,Astrum Pharma,PEN,2.75E+13
Thomas,Unit Dose Services,PHP,1.59E+13
Sean,Bayer HealthCare LLC - Consumer Care,PHP,2.26E+13
Sandra,Accord Healthcare Inc.,IDR,2.15E+13
Julie,McKesson Packaging Services a business unit of McKesson Corporation,CNY,9.75E+12
Johnny,"Preferred Pharmaceuticals, Inc",ARS,1.73E+13
Anthony,Mylan Institutional Inc.,RUB,1.09E+13
Gary,"Hospira, Inc.",ETB,3.43E+13
Terry,Aidarex Pharmaceuticals LLC,BRL,2.67E+12
Linda,Publix Super Markets Inc,EUR,2.32E+12
Daniel,"Nelco Laboratories, Inc.",IDR,2.49E+13
Annie,"ALK-Abello, Inc.",USD,2.97E+13
Maria,Sandoz Inc,IDR,1.65E+13
Roger,Mylan Institutional Inc.,NGN,1.89E+13
Adam,"Allermed Laboratories, Inc.",RUB,1.42E+13
Patrick,"Forest Laboratories, Inc.",JPY,5.17E+12
Lois,ORIGINS NATURAL RESOURCES INC.,EUR,2.78E+13
Bonnie,Ventura International LTD,MDL,2.78E+13
Bruce,"Salado Sales, Inc.",CNY,2.83E+13
Andrea,CVS Pharmacy Inc,VND,2.79E+13
Janice,Wild Child W A Pty Ltd,CNY,3.01E+13
William,"Johnson & Johnson Consumer Products Company, Division of Johnson & Johnson Consumer Companies, Inc.",XOF,3.30E+13
Kenneth,REMEDYREPACK INC.,CNY,9.93E+12
Gloria,GlaxoSmithKline Consumer Healthcare LP,BRL,3.04E+13
Andrew,"SJ Creations, Inc.",SEK,3.35E+13
Diane,"Rugby Laboratories, Inc",UAH,8.58E+12
Jose,"International Nature Nutraceuticals, Inc.",IDR,2.27E+13
Brian,"WestAir Gases & Equipment, Inc.",IDR,3.33E+13
Eric,"Deseret Biologicals, Inc",EUR,1.68E+13
Stephanie,"Par Pharmaceutical, Inc.",EUR,1.77E+13
Keith,Merix Pharmaceutical Corp.,EUR,2.63E+13
Howard,"Johnson & Johnson Consumer Products Company, Division of Johnson & Johnson Consumer Companies, Inc.",USD,3.28E+13
Albert,"Hospira, Inc.",CNY,3.08E+13
Steve,"Hospira, Inc",HRK,7.07E+12
Frank,DZA BRANDS LLC,PHP,3.10E+13
Kenneth,West-ward Pharmaceutical Corp.,CNY,5.16E+12
Paul,REMEDYREPACK INC.,CNY,2.27E+13
Louis,McKesson,SEK,3.26E+12
Harry,"APP Pharmaceuticals, LLC",BWP,1.17E+13
Gary,MAX HUBER RESEARCH LAB INC,MGA,2.88E+13
Carol,B&J Welding Supply LTD,GBP,2.08E+12
Rose,Procter & Gamble Manufacturing Co.,NAD,1.70E+12
Ruth,Valeant Pharmaceuticals North America LLC,THB,1.52E+13
Louis,Unifirst First Aid Corporation,PLN,7.94E+12
Brandon,Conopco Inc. d/b/a Unilever,UAH,2.93E+13
Jeffrey,Space Brands Limited,CNY,4.02E+12
Antonio,American Health Packaging,SEK,2.50E+13
Jimmy,Richmond Division of Wyeth,EUR,2.79E+13
Donald,"Antigen Laboratories, Inc.",HUF,1.56E+13
Ann,"Allermed Laboratories, Inc.",CNY,3.14E+13
Jonathan,WALGREEN CO.,EUR,2.35E+12
Craig,HART Health,IDR,1.24E+13
Denise,Blistex Inc.,CAD,5.60E+12
William,"Apotheca, Inc.",CNY,7.16E+12
Carlos,American Health Packaging,CNY,8.10E+11
Ruby,HyVee Inc,EUR,2.36E+12
Charles,Bausch & Lomb Incorporated,CNY,1.29E+13
Phyllis,International Cosmetics Ltd.,RSD,4.78E+12
Larry,"Amneal Pharmaceuticals, LLC",EUR,4.24E+12
Melissa,"Forest Laboratories, Inc.",PLN,2.67E+12
Michael,Major Pharmaceuticals,BRL,1.80E+13
Judith,Neutrogena Corporation,PHP,3.22E+13
Louise,Apotex Corp.,PHP,3.33E+13
Kathleen,"Diversey, Inc.",RUB,3.08E+13
Jack,"CARDINAL HEALTH, INC.",CNY,2.64E+13
Pamela,Washington Homeopathic Products,EUR,2.95E+12
Maria,Baxter Healthcare Corporation,VND,1.78E+13
Bonnie,Deep Cover Systems LLC,KMF,8.46E+12
Daniel,Aidarex Pharmaceuticals LLC,CNY,2.76E+13
Debra,"Glenmark Generics Inc.,USA",EUR,1.06E+13
Lois,REMEDYREPACK INC.,UAH,5.29E+12
Katherine,HOMEOLAB USA INC,IDR,3.15E+13
Chris,Kroger Company,CNY,3.38E+13
Norma,Rite Aid,EGP,2.63E+13
Christopher,Ventura Corporation Ltd.,CNY,1.75E+13
Eugene,Rite Aid Corporation,EUR,1.23E+13
Joseph,Sandoz Inc,PHP,2.58E+13
Andrew,Rebel Distributors Corp,BRL,1.06E+13
Laura,Sanofi Pasteur Inc.,MKD,2.59E+13
Tina,Jubilant HollisterStier LLC,CNY,6.04E+12
Ryan,TEVA Pharmaceuticals USA Inc,XAF,5.84E+12
Jessica,"ALK-Abello, Inc.",CAD,1.39E+13
Virginia,Aurolife Pharma LLC,IDR,1.24E+13
Nancy,McKesson Contract Packaging,USD,5.63E+12
Gloria,"NCS HealthCare of KY, Inc dba Vangard Labs",BWP,2.58E+13
Margaret,"MallyGirl, LLC",RUB,2.16E+13
Nancy,StarCap Medical Private Limited,PHP,2.16E+13
Pamela,Ventura International Ltd,SEK,1.91E+13
Amy,GE Healthcare Inc.,CNY,9.49E+12
Rachel,"Century Pharmaceuticals, Inc.",CZK,1.46E+13
Angela,West-ward Pharmaceutical Corp,RUB,3.31E+13
Tina,Mylan Pharmaceuticals Inc.,PHP,2.11E+12
Cheryl,"Allergy Laboratories, Inc.",IDR,3.13E+13
Karen,"Nelco Laboratories, Inc.",JPY,1.26E+13
Bruce,Applied Biology,SEK,1.64E+13
Shirley,"The Yeon Co., Ltd.",IDR,5.68E+12
Donna,"SJ Creations, Inc.",CNY,6.54E+12
Juan,P and L Development of New York Corporation,CNY,3.17E+13
Jennifer,Laboratoires Clarins S.A.,ARS,3.20E+13
Jeremy,Delon Laboratories (1990) Ltd,CZK,1.65E+13
Larry,Western Family Foods Inc,ANG,2.14E+13
Jimmy,Bryant Ranch Prepack,UAH,2.49E+13
Earl,Aurobindo Pharma Limited,EUR,1.36E+13
Heather,NanoCureTech,EUR,1.96E+13
Shirley,Clinical Solutions Wholesale,SEK,1.00E+13
Janet,"AMI Cosmetic Co.,Ltd.",BRL,1.70E+13
Evelyn,"Par Pharmaceutical, Inc.",KRW,3.49E+13
Martha,Ecolab Inc.,EUR,5.69E+12
Jesse,"Allergy Laboratories, Inc.",SZL,3.11E+13
Joan,3M ESPE Dental Products,USD,2.37E+13
Christine,"Physicians Total Care, Inc.",IDR,1.85E+13
Roger,Delta Brands Inc,PHP,2.68E+13
Teresa,"Good Sense (Geiss, Destin & Dunn, Inc.)",IDR,2.33E+13
Jason,Hikma Pharmaceutical,CUP,9.27E+12
Aaron,St Marys Medical Park Pharmacy,PHP,3.15E+13
Steve,"Inspire Pharmaceuticals, Inc.",AFN,2.68E+13
Anthony,"Chattem, Inc.",LBP,2.45E+13
Pamela,Natural Health Supply,PHP,2.23E+13
Katherine,"Preferred Pharmaceuticals, Inc",PEN,6.50E+12
Phillip,Bryant Ranch Prepack,EUR,2.78E+13
Adam,MEDA Pharmaceuticals,CNY,1.57E+13
Catherine,"Physicians Total Care, Inc.",PHP,5.42E+12
Steven,CSL Behring AG,PLN,9.99E+12
Sharon,Conopco Inc. d/b/a Unilever,XCD,2.64E+13
Lisa,McKesson,RUB,1.09E+12
Diana,STAT RX USA LLC,UAH,3.18E+12
Joseph,Laboratoires Dermo Cosmetik Inc,CNY,3.15E+13
Kathleen,"Wyeth Pharmaceuticals Company, a subsidiary of Pfizer Inc.",RUB,1.44E+13
Walter,Dolgencorp Inc,MXN,2.45E+13
Emily,"Par Pharmaceutical , Inc",SEK,2.24E+13
Amanda,"Physicians Total Care, Inc.",SEK,1.55E+13
Sean,Prasco Laboratories,XAF,2.12E+13
Dorothy,Patterson Dental Supply Inc,PHP,2.16E+13
Steve,BCM Cosmetique SAS,PAB,6.13E+12
Eugene,DZA Brands LLC,CHF,1.20E+13
Rebecca,"AAA Pharmaceutical, Inc.",CNY,1.30E+12
Fred,"Acino Products, LLC.",PHP,3.14E+13
Gregory,Medicine Shoppe International Inc,IDR,1.69E+13
Wayne,"Hospira, Inc.",MXN,1.24E+13
Virginia,"Preferred Pharmaceuticals, Inc",USD,9.13E+12
Joyce,"Diversey, Inc.",EUR,5.05E+12
Kelly,Major Pharmaceuticals,UAH,3.83E+12
Melissa,State of Florida DOH Central Pharmacy,XOF,2.97E+13
Clarence,"Pack Pharmaceuticals, LLC",RSD,1.07E+13
Sara,Best Accessory Group,ARS,7.97E+12
Sean,Uriel Pharmacy Inc.,EUR,3.44E+13
Howard,MiraCell Inc,PLN,1.84E+13
Kathy,"Kareway Product, Inc.",CNY,2.55E+13
Donna,Uriel Pharmacy Inc.,PHP,2.78E+13
Amanda,"Babor Cosmetics America, Corp",THB,3.14E+13
Pamela,"Takeda Pharmaceuticals America, Inc.",USD,7.13E+12
Nicholas,"Inel Cosmetics Co., Ltd.",CNY,1.95E+13
Nicholas,WALGREEN CO.,TZS,1.35E+12
Joan,"SJ Creations, Inc.",IDR,2.94E+12
Patrick,West-Ward Pharmaceutical Corp,UZS,3.20E+13
Frank,McKesson Packaging Services a buisness unit of McKesson Corporation,IDR,1.02E+13
Diana,Cardinal Health,NGN,1.52E+12
Teresa,Kmart Corporation,IDR,8.20E+12
Joan,"General Injectables & Vaccines, Inc",XAF,2.05E+13
Barbara,AbbVie Inc.,EUR,2.42E+12
Phillip,"Accra-Pac, Inc.",COP,8.07E+12
Judy,Afassco Inc.,PLN,1.66E+13
Diana,Uriel Pharmacy Inc.,MYR,5.28E+12
Rebecca,"Bolero Home Decor, Inc.",CZK,3.33E+13
Jeffrey,"Warner Chilcott (US), LLC",ILS,3.52E+13
Clarence,"NATURE REPUBLIC CO., LTD.",JPY,2.23E+13
Mildred,"Native Remedies, LLC",PLN,1.62E+13
Theresa,"Dispensing Solutions, Inc.",PEN,1.63E+13
Christine,Teva Pharmaceuticals USA Inc,EUR,1.53E+12
Walter,TYA Pharmaceuticals,AZN,1.47E+13
Anthony,"Western Family Foods, Inc.",PLN,2.61E+13
Ruth,Lake Erie Medical DBA Quality Care Products LLC,EUR,3.07E+13
Justin,Qualitest Pharmaceuticals,RUB,2.87E+13
Theresa,"Nelco Laboratories, Inc.",USD,1.30E+13
Terry,Pfizer Laboratories Div Pfizer Inc,AFN,3.49E+13
Randy,"Nelco Laboratories, Inc.",CNY,3.83E+12
Walter,Empack Spraytech Inc.,CNY,3.11E+13
Robin,"ALK-Abello, Inc.",CNY,2.76E+13
Stephen,"Lifetech Resources, LLC",PHP,1.77E+13
Sarah,SUPERVALU INC.,USD,2.78E+13
Lori,White Manufacturing Inc. BDA Micro-West,USD,1.45E+13
Joan,"SEINDNI CO., LTD.",THB,1.32E+13
Judith,"PD-Rx Pharmaceuticals, Inc.",SEK,6.25E+12
Carl,"Dispensing Solution, Inc.",IDR,3.29E+13
Adam,REMEDYREPACK INC.,EUR,1.08E+13
Norma,Greenstone LLC,NPR,2.89E+13
Matthew,Cantrell Drug Company,ILS,2.85E+13
Brandon,Lake Erie Medical & Surgical Supply DBA Quality Care Products LLC,IDR,3.02E+13
Katherine,"A-Welders and Medical Supply, Inc",CNY,3.15E+13
Cynthia,PureTek Corporation,VEF,1.59E+13
Earl,REMEDYREPACK INC.,ILS,2.78E+13
Frank,"New World Imports, Inc",EUR,3.70E+12
Jerry,SPAI-SONS PHARMACEUTICAL INTERNATIONAL COSMETICS,CNY,1.87E+13
Alice,"Kate Somerville Skincare, LLC",CNY,5.04E+12
Phillip,Fenwal Inc.,XOF,2.17E+13
Joe,Sandoz Inc.,COP,1.60E+13
Lisa,"Lupin Pharmaceuticals, Inc.",ARS,2.37E+13
Donald,SiCap Industries LLC,PLN,3.40E+13
Shirley,Organon USA Inc.,VND,1.69E+13
Debra,West-Ward Pharmaceutical Corp.,EUR,2.63E+13
Carlos,Kroger Co,EUR,1.28E+13
Gregory,Barr Laboratories Inc.,MYR,8.98E+12
Carlos,"Hisamitsu Pharmaceutical Co., Inc.",CZK,3.00E+13
Todd,Mylan Pharmaceuticals Inc.,NOK,9.13E+12
Robert,REMEDYREPACK INC.,KZT,2.49E+13
Katherine,"Ningbo Dowland Daily Health Co., Ltd",JPY,2.63E+13
Frances,Major Pharmaceuticals,COP,2.57E+12
Wayne,"Chester Packaging, LLC",SEK,1.35E+13
Bobby,Apotex Corp.,EUR,1.75E+13
Thomas,Conopco Inc. d/b/a Unilever,RUB,2.97E+13
Paula,"Upsher-Smith Laboratories, Inc.",LTL,2.90E+13
Sara,"Dermalogica, Inc.",CNY,3.22E+13
Nicole,"L.N.K. International, Inc.",RUB,3.36E+13
Anne,Bryant Ranch Prepack,MXN,1.07E+13
Jessica,Medi-Physics Inc.,RUB,2.80E+13
Louis,Valeant Pharmaceuticals North America LLC,AUD,8.02E+12
Lillian,Hanover Pen Corp dba HPC Global,CZK,2.77E+13
Nancy,"Preferred Pharmaceuticals, Inc.",EUR,1.21E+13
Rose,Western Family Foods Inc,SYP,2.84E+13
Angela,West-Ward Pharmaceutical Corp.,RUB,2.01E+13
Michelle,"Ventura Corporation (San Juan, P.R)",SEK,3.59E+12
Antonio,"Inel Cosmetics Co., Ltd.",USD,5.73E+12
Carlos,"APOTHECA, INC",CNY,1.28E+13
Nicole,Kroger Company,EUR,3.32E+13
Diane,"Shopko Stores Operating Co., LLC",CNY,2.13E+13
Russell,Ricola Ag,IQD,1.00E+13
Catherine,Medi-Physics Inc.,RUB,1.27E+13
Julie,NARS COSMETICS,CNY,1.58E+13
Jerry,Performance Health Inc.,MXN,9.90E+12
Larry,"NATURE REPUBLIC CO., LTD.",IDR,1.40E+13
Henry,"Roxane Laboratories, Inc.",CNY,7.45E+12
Charles,"DOLGENCORP, LLC",EUR,3.31E+13
Peter,Neutrogena Corporation,XAF,3.27E+13
Andrew,"GM Pharmaceuticals, Inc.",EUR,3.21E+13
Sharon,McKesson Contract Packaging,CNY,3.09E+13
Steve,Apotex Corp,IDR,1.59E+13
Jessica,"PD-Rx Pharmaceuticals, Inc.",RUB,3.10E+13
Judith,REMEDYREPACK INC.,GTQ,4.00E+12
Matthew,Teva Pharmaceuticals USA Inc,PHP,4.53E+12
Ryan,"Nelco Laboratories, Inc.",MWK,3.03E+13
Juan,"Babor Cosmetics America, Corp.",PHP,3.85E+12
Anna,Aidarex Pharmaceuticals LLC,EUR,2.99E+13
Louise,"PD-Rx Pharmaceuticals, Inc.",CNY,1.31E+13
Aaron,STAT Rx USA LLC,EUR,1.58E+13
Donald,"Antigen Laboratories, Inc.",CNY,3.41E+13
Justin,Ventura Corporation LTD,EUR,1.43E+13
Rachel,Best Choice,PLN,2.35E+13
Nicole,"Amneal-Agila, LLC",PHP,1.94E+13
John,Roerig,LKR,7.51E+12
Russell,Apotex Corp.,CUP,3.07E+12
Brenda,"AvKARE, Inc.",PHP,3.66E+12
Amy,Dr. Reddy's Laboratories Limited,CNY,6.97E+12
Jeremy,Dr. Reddy's Laboratories Limited,PLN,2.68E+13
Steven,TOPCO ASSOCIATES L LLC,COP,2.10E+13
Emily,"General Injectables & Vaccines, Inc",PHP,2.35E+13
Walter,Baxter Healthcare Corporation,CAD,1.98E+13
Cynthia,American Health Packaging,IDR,9.79E+12
Carolyn,"SDA Laboratories, Inc.",CNY,3.10E+13
Dorothy,Rij Pharmaceutical Corporation,GBP,1.82E+13
Melissa,Uriel Pharmacy Inc.,NGN,3.35E+13
Diane,Clinical Solutions Wholesale,CNY,1.89E+12
Andrew,AMOREPACIFIC,EUR,5.92E+12
Alan,"thinkOperations,LLC",EUR,450
Sarah,Woodbine Products Company,ARS,500
Jeffrey,A-S Medication Solutions LLC,HUF,450
Diana,Clinical Solutions Wholesale,IDR,500
Carl,GlaxoSmithKline Consumer Heathcare LP,CLP,450
Tina,"Cargus International, Inc.",EUR,500
Marilyn,"Hospira, Inc.",RUB,450
Lori,Pfizer Laboratories Div Pfizer Inc,JPY,500
Marie,Eminence Organic Skin Care,RUB,450
Julie,"Nelco Laboratories, Inc.",CNY,500
Gerald,Prasco Laboratories,EUR,450
Pamela,"Aloe Care International, LLC",GEL,500
Sarah,"Amneal Pharmaceuticals of New York, LLC",PHP,450
Philip,Supervalu Inc,LTL,500
Frank,McKesson Contract Packaging,PLN,450
Heather,"Johnson & Johnson Consumer Products Company, Division of Johnson & Johnson Consumer Companies, Inc.",JPY,500
Jason,"Greenbrier International, Inc.",THB,450
Joseph,"Genentech, Inc.",EUR,500
Robert,Major Pharmaceuticals,EUR,450
Alice,State of Florida DOH Central Pharmacy,THB,500
Gregory,Ranbaxy Pharmaceuticals Inc.,EUR,450
Lawrence,Bare Escentuals Beauty Inc.,CNY,500
Margaret,Remedy Makers,KGS,450
Steve,"Preferred Pharmaceuticals, Inc.",EUR,500
Denise,St Marys Medical Park Pharmacy,IDR,450
Jean,Jubilant HollisterStier LLC,CNY,500
Julie,"Stratus Pharmaceuticals, Inc",RUB,450
Samuel,"American Regent, Inc.",ILS,500
Heather,"NexMed (USA), Inc.",VND,500
Alice,Pfizer Laboratories Div Pfizer Inc,EUR,450
Ruth,Colgate-Palmolive Company,PLN,500
Catherine,"SJ Creations, Inc.",VND,450
Melissa,"Asept Pak, Inc.",CNY,500
Annie,TOP CARE (Topco Associates LLC),CNY,450
Kathleen,"Humco Holding Group, Inc.",CNY,500
Howard,Advance Hygienics LLC,VND,450
John,Uriel Pharmacy Inc.,JPY,500
Ashley,BluePoint Laboratories,COP,450
Mary,YS Health Corp.,CNY,500
Nancy,"Watson Laboratories, Inc.",EUR,450
Amy,"Dermalogica, Inc.",XOF,500
Eugene,"Antigen Laboratories, Inc.",VND,450
Craig,Bare Escentuals Beauty Inc.,EUR,500
Benjamin,Northstar Rx LLC,CLP,450
Diana,Baxter Healthcare Corporation,SEK,500
Bonnie,Noxell,CNY,450
Phillip,"Kadmon Pharmaceuticals, LLC",VND,500
Johnny,"APP Pharmaceuticals, LLC",PEN,450
Karen,Wockhardt Limited,CNY,500
Paula,Procter & Gamble Manufacturing Company,PHP,450
Ronald,Pfizer Laboratories Div Pfizer Inc,IDR,500
Susan,Sungwon Cosmetics,CNY,450
Marie,HOMEOLAB USA INC.,SDG,500
Harry,Rouses Point Pharm,CNY,450
Brandon,"Apotheca, Inc.",SEK,500
Harry,"Antigen Laboratories, Inc.",NGN,450
Sandra,"MedVantx, Inc.",ILS,500
John,"fred's, Inc.",PHP,450
Judy,Walgreen Company,LKR,500
Alice,Aidarex Pharmaceuticals LLC,CNY,450
Laura,"Natural Creations, Inc.",TZS,500
Scott,L. Perrigo Company,VND,450
Emily,Sagent Pharmaceuticals,CNY,500
Bobby,Crosstex International Inc.,CNY,450
Beverly,"Melaleuca, Inc.",RUB,500
Phyllis,"Antigen Laboratories, Inc.",CAD,450
Ralph,"Meridian Medical Technologies, Inc.",EUR,500
Lois,Lake Erie Medical DBA Quality Care Products LLC,UAH,450
Paula,Tower Laboratories Ltd,EUR,500
Jessica,McKesson Packaging Services Business Unit of McKesson Corporation,RUB,450
David,"Golden State Medical Supply, Inc.",ILS,500
Aaron,SHAKLEE CORPORATION,CNY,500
Robert,Wockhardt Limited,PLN,450
Sara,Cardinal Health,CNY,500
Jack,"Hospira, Inc.",MGA,450
William,"OMP, INC.",AZN,500
Helen,"RUGBY LABORATORIES, INC",PHP,450
Joseph,White's Inc.,EUR,500
Laura,Clinical Solutions Wholesale,AFN,450
Irene,Air Liquide Healthcare America Corporation,CNY,500
Bobby,Major Pharmaceuticals,CRC,450
Kathy,Rebel Distributors Corp,USD,500
Peter,Jubilant HollisterStier LLC,BRL,450
Terry,"AMI Cosmetic Co.,Ltd.",GNF,500
Henry,Perrigo New York Inc,IDR,450
Daniel,REMEDYREPACK INC.,EUR,500
Dorothy,AQUIMPEX SPA,UAH,450
Tammy,REMEDYREPACK INC.,IDR,500
Donald,H E B,CNY,450
Albert,Parfums Christian Dior,EUR,500
Roy,McKesson Packaging Services a business unit of McKesson Corporation,LRD,450
Ralph,WALGREEN CO.,SEK,500
Jimmy,Unit Dose Services,ARS,450
Ernest,Perrigo New York Inc,RUB,500
Edward,"Preferred Pharmaceuticals, Inc",JPY,450
Cheryl,SHISEIDO AMERICAS CORPORATION,RUB,500
Jesse,Mylan Pharmaceuticals Inc.,CNY,450
Pamela,Rebel Distributors Corp,PLN,500
Lori,Greenstone LLC,RUB,450
Peter,"ProPhase Labs, Inc.",IDR,500
Joseph,SHISEIDO AMERICAS CORPORATION,BRL,450
Henry,"Hospira, Inc.",DKK,500
Michael,Aidarex Pharmaceuticals LLC,USD,450
Adam,"Physicians Total Care, Inc.",CNY,500
Lisa,Cantrell Drug Company,GNF,450
Kathy,"ALK-Abello, Inc.",MXN,500
Anna,Aurolife Pharma LLC,RUB,450
Kimberly,"ALK-Abello, Inc.",CZK,500
Margaret,Rubbermaid Commercial Products,IDR,450
Frank,REMEDYREPACK INC.,SEK,500
Elizabeth,"The Man Can, LLC",USD,450
Brenda,Natural Health Supply,BRL,500
Michael,LVMH Fragrance Brands,BRL,450
Raymond,"McNeil Consumer Healthcare Div. McNeil-PPC, Inc",BRL,500
Ernest,"Allure Labs, Inc.",PEN,500
Nancy,"TONYMOLY CO., LTD.",ZAR,450
Doris,"New World Imports, Inc",PHP,500
Janet,UCB Farchim S.A.,EUR,450
Ronald,REMEDYREPACK INC.,MAD,500
Tina,Teva Pharmaceuticals USA Inc,PEN,450
Kevin,"Blu Pharmaceuticals, LLC",IDR,500
Jesse,"Physicians Total Care, Inc.",CNY,450
Daniel,"Newton Laboratories, Inc.",PLN,500
Justin,"Nelco Laboratories, Inc.",ZAR,450
Randy,Tris Pharma Inc,CNY,500
Alice,"Nelco Laboratories, Inc.",JPY,450
Carl,"DAVA Pharmaceuticals, Inc.",MVR,500
Ernest,"Lotus Brands, Inc.",CNY,450
Helen,Dr. Reddy's Laboratories Limited,EUR,500
Arthur,"Nelco Laboratories, Inc.",CNY,450
Adam,St Marys Medical Park Pharmacy,CNY,500
Charles,"Physicians Total Care, Inc.",CNY,450
Doris,VersaPharm Incorporated,CNY,500
Jason,REMEDYREPACK INC.,CNY,450
Brandon,"PD-Rx Pharmaceuticals, Inc.",IDR,500
Marie,"Hospira, Inc.",EUR,450
Adam,Nnodum Pharmaceuticals,CNY,500
Mary,P & L Development of New York Corporation,JPY,450
Tina,Uriel Pharmacy Inc.,EUR,500
Karen,"Asclemed USA, Inc.",CNY,450
Tammy,Lake Erie Medical DBA Quality Care Products LLC,NPR,500
James,Novo Nordisk,EUR,450
Cheryl,Angiodynamics,PLN,500
Kathleen,"TAYLOR JAMES, LTD.",UAH,450
Jack,"Energique, Inc.",PHP,500
Arthur,"Pharmaceutical Associates, Inc.",PLN,450
Albert,Boehringer Ingelheim Pharmaceuticals Inc.,EUR,500
Bruce,"Dr. Dennis Gross Skincare, LLC",ALL,450
Joan,Rebel Distributors Corp,RUB,500
Carlos,Aidarex Pharmaceuticals LLC,COP,450
Karen,Bryant Ranch Prepack,CNY,500
Joshua,Major Pharmaceuticals,CNY,450
Laura,"Wyeth BioPharma Division of Wyeth Pharmaceuticals Inc., a subsidiary of Pfizer Inc.",BRL,500
Antonio,Meijer Distribution Inc,CAD,450
Shirley,"Human Genome Sciences, Inc.",ARS,500
Amanda,Colgate-Palmolive Company,EUR,450
Louise,REMEDYREPACK INC.,AZN,500
David,Apotheca Company,EUR,500
Cheryl,"Glenmark Generics Inc., USA",VND,450
Kimberly,Legacy Pharmaceutical Packaging,EUR,500
Kathy,Carilion Materials Management,SYP,450
Brian,"Nelco Laboratories, Inc.",CNY,500
Ralph,American Sales Company,CNY,450
Russell,Quality Home Products,THB,500
Christina,Akorn,CNY,450
Nicole,Oceanside Pharmaceuticals,EUR,500
Frances,"Energique, Inc.",EUR,450
Jack,sanofi-aventis U.S. LLC,BOB,500
Karen,"Major Pharmaceuticals, Inc",CNY,450
Jerry,"AvKARE, Inc.",THB,500
Aaron,"Bath & Body Works, Inc.",UAH,450
Teresa,Target Corporation,NGN,500
Walter,"Time-Cap Labs, Inc",EUR,450
Anna,The Wellness Center,SEK,500
Jack,"Koh Gen Do USA, Inc",PHP,450
Philip,"Geri-Care Pharmaceuticals, Corp",PLN,500
Lillian,"BioActive Nutritional, Inc.",IDR,450
Philip,"NATURE REPUBLIC CO., LTD.",MKD,500
Benjamin,Rite Aid Corporation,ZWL,450
Ryan,"Medac Pharma, Inc",JMD,500
Brandon,"Preferred Pharmaceuticals, Inc.",SEK,450
Debra,REMEDYREPACK INC.,CNY,500
Steven,Cardinal Health,JPY,450
Scott,Major Pharmaceuticals,ILS,500
Christina,"H and P Industries, Inc. dba Triad Group",IDR,450
Juan,"Preferred Pharmaceuticals, Inc.",EUR,500
Stephen,Conopco Inc. d/b/a Unilever,JPY,450
Jean,Lake Erie Medical & Surgical Supply DBA Quality Care Products LLC,CNY,500
Susan,"United Research Laboratories, Inc.",CNY,450
Ruth,"Roxane Laboratories, Inc.",KRW,500
Sarah,Meijer Distribution Inc,EUR,450
Laura,"Dispensing Solutions, Inc.",TZS,500
Stephanie,Major Pharmaceuticals,IDR,450
Linda,Sagent Pharmaceuticals,IQD,500
Julia,MedChem Manufacturing Inc. dba Enovachem,BRL,450
Joyce,McKesson,CNY,500
Jose,"NATURE REPUBLIC CO., LTD.",PEN,450
Joseph,Reckitt Benckiser LLC,XCD,500
Frances,Wockhardt USA LLC.,KPW,450
Alan,Sandoz,BRL,500
Lisa,St Marys Medical Park Pharmacy,EUR,500
Debra,Lake Erie Medical DBA Quality Care Products LLC,CNY,450
Andrew,Pharmaceutics Corporation,IDR,500
Joseph,REMEDYREPACK INC.,COP,450
Roy,"Golden State Medical Supply, Inc.",IDR,500
David,"Silarx Pharmaceutical, Inc",PHP,450
Martin,"Nelco Laboratories, Inc.",BWP,500
Irene,"NCS HealthCare of KY, Inc dba Vangard Labs",EUR,450
Craig,"General Injectables & Vaccines, Inc.",OMR,500
Albert,"Deseret Biologicals, Inc.",PLN,450
Melissa,American Cleaning Solutions,PLN,500
Joseph,Zydus Pharmaceuticals USA Inc,CNY,450
Michael,Cosmetica Laboratories Inc.,PHP,500
Andrea,"LOTUS BRANDS, INC.",EUR,450
Phillip,LAURA GELLER MAKE UP INC.,CNY,500
Christopher,"Liberty Pharmaceuticals, Inc.",SEK,450
Virginia,"Dispensing Solutions, Inc.",ILS,500
Janice,State of Florida DOH Central Pharmacy,YER,450
Jean,Valu Merchandisers Company (Best Choice),IDR,500
Tina,"MSD Consumer Care, Inc.",CNY,450
Stephanie,Oceanside Pharmaceuticals,CRC,500
Peter,"PD-Rx Pharmaceuticals, Inc.",CNY,450
Matthew,"Nelson Bach USA, Ltd.",EUR,500
Betty,"SEINDNI CO., LTD.",IDR,450
Joseph,"ACADEMY, LTD",RUB,500
Craig,"NCS HealthCare of KY, Inc dba Vangard Labs",BRL,450
Rose,Uriel Pharmacy Inc.,MXN,500
Margaret,Virtus Pharmaceuticals LLC,USD,450
Carlos,Baxter Healthcare Corporation,BRL,500
James,"Affordable Pharmaceuticals, LLC",CNY,450
Stephen,REMEDYREPACK INC.,HUF,500
Pamela,American Health Packaging,CZK,450
Randy,"AMI Cosmetic Co.,Ltd.",PHP,500
Jeffrey,Ricola Ag,BRL,450
Louise,Belvedere International Inc.,ZWL,500
Victor,Rebel Distributors Corp,COP,450
Benjamin,Person and Covey,CNY,500
Anna,"Aphena Pharma Solutions - Tennessee, LLC",NGN,450
Marilyn,Sandoz Inc,IDR,500
Julia,"Nelco Laboratories, Inc.",CNY,450
Christine,AHAVA - Dead Sea Laboratories Ltd.,EUR,500
Alan,Wal-Mart Stores Inc,CZK,450
Jacqueline,"Morton Grove Pharmaceuticals, Inc.",IDR,500
Antonio,"CoValence, Inc",CNY,500
Joan,"WeTTrust Korea Co., Ltd",THB,450
Andrea,American Sales Company,CNY,500
Nancy,"Goldessence, Limited",USD,450
Marie,R AND S RESEARCH,PLN,500
Carl,"NCS HealthCare of KY, Inc dba Vangard Labs",KES,450
Sarah,Bryant Ranch Prepack,SEK,500
Antonio,REMEDYREPACK INC.,IDR,450
Jonathan,Kroger,CZK,500
Denise,Heel Inc,JPY,450
Raymond,Onset Dermatologics LLC,IDR,500
Susan,REMEDYREPACK INC.,EUR,450
Margaret,King Bio Inc.,CNY,500
Kathy,Reckitt Benckiser LLC,CNY,450
Matthew,Ranbaxy Laboratories Inc.,EUR,500
Elizabeth,"EMD Serono, Inc.",SEK,450
Rose,"ALK-Abello, Inc.",EGP,500
Craig,"New Horizon Rx Group, LLC",CNY,450
Nancy,Amerisource Bergen,DOP,500
Wanda,Alembic Pharmaceuticals Limited,EUR,450
Emily,Ventura Corporation LTD.,EUR,500
Rebecca,"PD-Rx Pharmaceuticals, Inc.",BWP,450
Paul,Kmart Corporation,IDR,500
Jeffrey,Zenith Medicosm SL,IDR,450
Betty,L Perrigo Company,CNY,500
Irene,"Bolero Home Decor, Inc.",NIO,450
Nancy,"The Yeon Co., Ltd.",EUR,500
Jonathan,"PSS World Medical, Inc.",RUB,450
Kathryn,Hyland's,RUB,500
Sarah,Torrent Pharmaceuticals Limited,IDR,450
Julia,Centurion Labs,AMD,500
Denise,Neutrogena Corporation,MNT,450
Thomas,THE KROGER COMPANY,KES,500
Irene,Bausch & Lomb Incorporated,CNY,450
Jack,COSTCO WHOLESALE CORPORATION,CRC,500
Frances,Keltman Pharmaceuticals Inc.,CAD,450
Rose,Your Military Exchanges,ZAR,500
Anthony,"Hospira, Inc.",KGS,450
Wayne,"Lupin Pharmaceuticals, Inc.",EUR,500
Jeremy,Aidarex Pharmaceuticals LLC,IDR,450
Susan,Conopco Inc. d/b/a Unilever,EUR,500
Jason,CVS Pharmacy,COP,450
Albert,McKesson,XAF,500
Patrick,"Genesis Pharmaceutical, Inc.",MNT,500
Cheryl,Neutrogena Corporation,LRD,450
William,REMEDYREPACK INC.,CNY,500
Raymond,Novartis Pharmaceuticals Corporation,EUR,450
Ashley,"Physicians Total Care, Inc.",BRL,500
Larry,STAT Rx USA LLC,CNY,450
Diane,Sam's West Inc,SEK,500
Teresa,"Nelco Laboratories, Inc.",CNY,450
Robert,"General Injectables & Vaccines, Inc.",CNY,500
Carolyn,"Laboratorios Roldan, S.A.",CNY,450
Carolyn,Clinical Solutions Wholesale,PLN,500
Heather,The Kroger Co,PHP,450
Charles,Aidarex Pharmaceuticals LLC,THB,500
Sean,"Physicians Total Care, Inc.",UAH,450
Ronald,Apotheca Company,PHP,500
Gregory,Cosbel S.A de C.V.,IDR,450
Randy,"Nelco Laboratories, Inc.",EUR,500
Charles,Bryant Ranch Prepack,USD,450
Paula,SAFEWAY INC.,KRW,500
Roger,"Physicians Total Care, Inc.",PHP,450
Fred,Kmart Corporation,PHP,500
Larry,"Babor Cosmetics America, Corp.",COP,450
Lawrence,Hannaford Brothers Company,RUB,500
Frances,Natural Health Supply,PHP,450
Antonio,REMEDYREPACK INC.,JPY,500
Karen,Rebel Distributors Corp,IDR,450
Virginia,GlaxoSmithKline Consumer Healthcare LP,IDR,500
Jason,Bryant Ranch Prepack,CNY,450
Lisa,American Sales Company,AZN,500
Carlos,A-S Medication Solutions LLC,MXN,450
Wanda,"Wasatch Product Development, LLC",IDR,500
Gary,"Stephen L. LaFrance Pharmacy, Inc.",IDR,450
Sean,Zydus Pharmaceuticals (USA) Inc.,PHP,500
Todd,"Prime Packaging, Inc.",IDR,450
Stephen,"Rugby Laboratories, Inc",CNY,500
Deborah,Premier Value,USD,450
Christine,"Deb USA, Inc.",PLN,500
Anthony,"Roxane Laboratories, Inc",NOK,450
Heather,Target Corporation,MXN,500
Sean,Unique Holding Group Inc,ARS,450
Adam,RedPharm Drug Inc.,CNY,500
Irene,Schmid and Son Packaging,AUD,450
Lillian,Vi-Jon,RUB,500
Julie,Heel Inc,PAB,500
Walter,Shanghai Weierya Daily Chemicals Factory,PHP,450
Kimberly,Mylan Pharmaceuticals Inc.,PEN,500
Judith,"Physicians Total Care, Inc.",CZK,450
Amanda,"Aphena Pharma Solutions - Tennessee, LLC",HRK,500
Lillian,Cardinal Health,EUR,450
Nancy,"Carlsbad Technology, Inc.",CNY,500
Henry,Novartis Pharmaceuticals Corporation,CNY,450
Martha,"Bradford Soap Works, Inc.",KZT,500
Jane,Natural Health Supply,JPY,450
Thomas,Physician Therapeutics LLC,UAH,500
Roy,Vertex Pharmaceuticals Incorporated,PLN,450
Evelyn,American Health Packaging,CNY,500
Emily,L Perrigo Company,SYP,450
Daniel,"JHP Pharmaceuticals, LLC",CZK,500
Harold,Carilion Materials Management,CNY,450
Keith,Contract Pharmacal Corp,EUR,500
Mary,Kroger Company,PEN,450
Amanda,Roerig,CNY,500
Brenda,"Antigen Laboratories, Inc.",DOP,450
Melissa,Wakefern Food Corporation,USD,500
Adam,"Dispensing Solutions, Inc.",COP,450
Bonnie,Natures Way Holding Co.,USD,500
Todd,Ranbaxy Pharmaceuticals Inc.,NIO,450
Frances,"La Prairie, Inc.",CNY,500
Jessica,BluePoint Laboratories,CNY,450
Phyllis,"Hospira, Inc.",EUR,500
Teresa,"Watson Laboratories, Inc.",USD,450
Fred,"Roxane Laboratories, Inc",CNY,500
Robert,Costco Wholesale Company,BRL,450
Anthony,Purity Cosmetics,CNY,500
Anna,"Antigen Laboratories, Inc.",VEF,450
Brenda,Unifirst First Aid Corporation,LYD,500
Sean,"NCS HealthCare of KY, Inc dba Vangard Labs",RUB,450
Kathryn,Medtech Products Inc.,IDR,500
Amy,"Allergy Laboratories, Inc.",MXN,450
Howard,NORTHWIND PHARMACEUTICALS,IDR,500
Jane,Small World Trading Company,IDR,450
Justin,Patcos Cosmetics (India) Private Limited,CLP,500
Katherine,MD Formulations,PHP,450
Jonathan,Baxter Healthcare Corporation,PHP,500
Jennifer,Mylan Institutional Inc.,CNY,450
Barbara,"Koh Gen Do USA, Inc",EUR,500
Donald,SUPERVALU INC.,MDL,500
Clarence,Energizer Personal Care LLC,PHP,450
Christina,"Wasatch Product Development, LLC",PLN,500
Todd,Medi-Physics Inc.,EUR,450
Peter,"Physicians Total Care, Inc.",MYR,500
Wanda,Aurobindo Pharma Limited,BRL,450
Robert,"Promex, LLC",LKR,500
Carlos,AMERICAN SALES COMPANY,IDR,450
Christina,KIK Custom Products,NZD,500
Todd,Cadila Healthcare Limited,LKR,450
Randy,Apotex Corp.,TND,500
Patrick,RedPharm Drug Inc.,CNY,450
Gerald,"Newton Laboratories, Inc.",CZK,500
Ryan,AmerisourceBergen (Good Neighbor Pharmacy) 46122,IDR,450
Philip,"NATURE REPUBLIC CO., LTD.",COP,500
Earl,"Physicians Total Care, Inc.",NOK,500
Kelly,Apotheca Company,UAH,450
Annie,Sunmark,CNY,500
Robin,Eisai Inc.,CNY,500
Antonio,"Avon Products, Inc.",CNY,450
Terry,STAT RX USA LLC,BND,500
Harry,Endo Pharmaceuticals Inc.,CNY,450
Rachel,B. Braun Medical Inc.,LBP,500
Carl,AvPAK,UGX,450
Sharon,American Sales Company,BRL,500
Samuel,"Hospira Worldwide, Inc.",PLN,450
Betty,"Preferred Pharmaceuticals, Inc.",ILS,500
Aaron,McKesson Packaging Services a business unit of McKesson Corporation,IDR,450
Eric,"Caraco Pharmaceutical Laboratories, Ltd.",CNY,500
Anna,Parfums Christian Dior,IRR,450
Ann,"Nova Homeopathic Therapeutics, Inc.",CNY,500
Julia,"Dharma Research, inc.",EUR,450
Teresa,"Bioelements, Inc.",MAD,500
Nancy,Unifirst First Aid Corporation,PLN,450
Michelle,Apotheca Company,EUR,500
George,"Cephalon, Inc.",PHP,500
Tammy,McKesson,BRL,450
Roy,"Aplicare, Inc.",MNT,500
Billy,"H.J. Harkins Company, Inc.",CNY,450
Gloria,Pfizer Laboratories Div Pfizer Inc.,CNY,500
William,McKesson,PEN,450
Chris,"Nelco Laboratories, Inc.",YER,500
Mary,Jubilant Cadista Pharmaceuticals Inc.,CNY,450
Karen,Ventura Corporation LTD,IDR,500
Roy,"Prestium Pharma, Inc.",PKR,450
Rebecca,American Health Packaging,BGN,500
Philip,Stiefel Laboratories Inc,CAD,450
Sara,Lake Erie Medical DBA Quality Care Products LLC,IDR,500
Charles,"Safeway, Inc.",USD,450
Joshua,"IVAX Pharmaceuticals, Inc.",DOP,500
Jennifer,Mylan Institutional Inc.,BBD,450
Louis,NOEVIR USA INC,CNY,500
Theresa,"Xttirum Laboratories, Inc.",PEN,500
Eugene,"Amneal Pharmaceuticals, LLC",ARS,450
Laura,New World Imports Inc,BAM,500
Fred,"NATURE REPUBLIC CO., LTD.",JPY,450
Jason,Major Pharmaceuticals,EUR,500
Howard,"APP Pharmaceuticals, LLC",CNY,450
Anthony,TOP CARE (Topco Associates LLC),MXN,500
Jose,Sandoz Inc,EUR,450
Anne,Cardinal Health,ARS,500
Tina,"Axcentria Pharmaceuticals, LLC.",CNY,450
Julie,AuroMedics Pharma LLC,CNY,500
Brenda,Apotheca Company,PEN,450
Janet,Target Corp,SEK,500
Dennis,Colgate-Palmolive Company,EUR,450
Linda,Sun Pharmaceutical Industries Limited,PKR,500
Harold,Atlantic Biologicals Corps,PKR,450
Samuel,Bryant Ranch Prepack,BRL,500
Teresa,"New World Imports, Inc",AFN,500
Scott,Carilion Materials Management,PHP,450
Mildred,Torrent Pharmaceuticals Limited,PLN,500
Ronald,"Melaleuca, Inc.",CNY,450
Russell,"Blenheim Pharmacal, Inc.",PHP,500
Margaret,The Medicine Shoppe International,PLN,450
Amanda,H E B,CNY,500
Mark,"AMI Cosmetic Co.,Ltd.",KPW,450
Brandon,Kinray,CNY,500
Margaret,KAISER FOUNDATION HOSPITALS,CNY,450
Edward,"Nelco Laboratories, Inc.",CNY,500
Donald,Supervalu Inc,BRL,450
Karen,VersaPharm Incorporated,CNY,500
Ashley,"Exelan Pharmaceuticals, Inc.",ILS,450
Jimmy,"ABBP (ARRINGTON, BATTLE, BELL & PERRY), LLC",IDR,2144
Albert,"Greenbrier International, Inc.",CNY,214
Eugene,"Antigen Laboratories, Inc.",CNY,124124
Teresa,REMEDYREPACK INC.,RSD,24124124
Charles,Barr Laboratories Inc.,MAD,29598
Marie,"SHISEIDO CO., LTD.",NGN,628
Paula,"NATURE REPUBLIC CO., LTD.",RUB,12012
Barbara,"Upsher-Smith Laboratories, Inc.",LTL,19514
Janet,Harmon Stores Inc.,ARS,35287
Gloria,Dolgencorp Inc,RUB,6038
Jean,"CVS Pharmacy, Inc",PLN,36468
Christine,Procter and Gamble Manufacturing Company,ZAR,26119
Evelyn,King Bio Inc.,USD,34588
Jason,Natural Health Supply,PKR,35936
Frank,sanofi-aventis U.S. LLC,IDR,51693
Betty,"Avon Products, Inc.",CNY,47352
Michael,L. Perrigo Company,IDR,930
Maria,The Wellness Center,IDR,40633
Andrew,Meijer Distribution Inc,IDR,30397
Evelyn,Heritage Pharmaceuticals Inc.,AMD,41744
Brian,Cobalt Laboratories,PLN,7508
Lisa,Select Brand Distributors,PLN,40755
Alan,Perrigo Company,CNY,35698
Paula,"BioActive Nutritional, Inc.",BRL,1745
Harold,McKesson,COP,1137
Roy,Insight Pharmaceuticals LLC,BAM,6771
Gregory,"Physicians Total Care, Inc.",CNY,42409
Brenda,Colgate-Palmolive Company,EUR,29431
Laura,"Gemini Pharmaceuticals, Inc. dba Plus Pharma",PEN,14490
Louis,"Gurwitch Products, LLC",KZT,20588
Angela,"Geiss, Destin and Dunn, Inc",SEK,30464
Ralph,Citron Pharma LLC,CNY,181
Jack,Topco Associates LLC,CNY,11862
Margaret,"NATURE REPUBLIC CO., LTD.",XAF,44056
Maria,American Health Packaging,CNY,47940
Stephen,"Nelco Laboratories, Inc.",CAD,21000
Helen,"Dong Sung Pharm. Co., Ltd.",IDR,6401
Fred,"Antigen Laboratories, Inc.",USD,39933
Amy,"Matrixx Initiatives, Inc.",IDR,45691
Helen,Natural Health Supply,BTN,48014
John,American Health Packaging,EUR,29804
Jane,Becton Dickinson and Company,USD,37483
Thomas,"Preferred Pharmaceuticals, Inc",JPY,21952
Adam,"Physicians Total Care, Inc.",AMD,19494
Ralph,"Deseret Biologicals, Inc.",IDR,14641
Amanda,Parfums Christian Dior,BRL,24632
Kevin,"Peaceful Mountain, Inc.",UYU,50414
Nicholas,"HAMSOA PHARMACEUTICAL CO., LTD.",IDR,50759
Carolyn,"Professional Disposables International, Inc.",BRL,33909
Harold,"Caraco Pharmaceutical Laboratories, Ltd.",ZAR,35228
Marilyn,Rebel Distributors Corp,IDR,15807
Denise,Lake Erie Medical & Surgical Supply DBA Quality Care Products LLC,IDR,465
Lawrence,Lake Erie Medical DBA Quality Care Products LLC,IDR,16805
Joshua,"Philosophy, Inc.",NGN,23184
Louis,Bobbi Brown Professional Cosmetics Inc.,IDR,20032
Diana,St Marys Medical Park Pharmacy,BRL,26190
Christine,Aidarex Pharmaceuticals LLC,ETB,20618
Louis,"Preferred Pharmaceuticals, Inc",IDR,8909
Carolyn,Watson Pharma Inc,PAB,19072
David,Rebel Distributors Corp,EUR,4633
Louise,Kremers Urban Pharmaceuticals Inc.,CNY,7241
Rebecca,"Amneal Pharmaceuticals of New York, LLC",PHP,783
Teresa,Sandoz Inc,KES,5118
Andrew,"Aaron Industries, Inc.",COP,16425
Sharon,AvPAK,IDR,7531
Randy,"Physicians Total Care, Inc.",KES,44766
William,W Last CC,COP,36412
Louise,"Preferred Pharmaceuticals, Inc",RUB,31619
Benjamin,"Preferred Pharmaceuticals, Inc",CNY,51367
Angela,Oraceutical,BRL,18902
Janet,"SHISEIDO CO., LTD.",RUB,28138
Eric,REMEDYREPACK INC.,SEK,3631
Ryan,"Tarte, Inc",EUR,15760
Steven,REMEDYREPACK INC.,BRL,11038
Shawn,"Fresenius Kabi USA, LLC",MNT,13657
Daniel,Procter & Gamble Manufacturing Company,EUR,22948
Shawn,"Physicians Total Care, Inc.",IDR,7404
Kathleen,"Bio-Pharm, Inc.",PHP,49948
Heather,"PD-Rx Pharmaceuticals, Inc.",CNY,4920
John,Cardinal Health,ZAR,38780
Joe,"Blenheim Pharmacal, Inc.",EUR,44094
Samuel,Ultimark Products LLC,CNY,20297
Jacqueline,Rij Pharmaceutical Corporation,THB,46110
Eric,Procter and Gamble Manufacturing Company,PHP,48184
Marilyn,Natureplex LLC,PHP,18774
Martha,Conopco Inc. d/b/a Unilever,IDR,38535
Kenneth,REMEDYREPACK INC.,CNY,42193
Jacqueline,Cresson,RSD,40802
Russell,Rebel Distributors Corp,BGN,32935
Linda,Jubilant HollisterStier LLC,IDR,683
Martha,"Zhejiang Blue Dream Cosmetics Co., Ltd.",IDR,17498
Harry,"Fresenius Kabi USA, LLC",PLN,51891
Laura,Shionogi Inc.,CNY,45407
Billy,"Paddock Laboratories, Inc.",THB,12931
Brandon,"HAMSOA PHARMACEUTICAL CO., LTD.",AMD,13742
Howard,"Preferred Pharmaceuticals, Inc.",CNY,13080
Harold,"Preferred Pharmaceuticals, Inc",EUR,2238
Sean,"ALK-Abello, Inc.",EUR,24872
Martin,Insight Pharmaceuticals,RUB,3378
Christina,Care One (American Sales Company),EUR,32937
James,"PHOENIX HEALTHCARE SOLUTIONS, LLC",UAH,26631
Michael,"HAIYANG XINYI Towelette CO., LTD.",CNY,33810
Katherine,"Aphena Pharma Solutions - Tennessee, LLC",THB,33832
Katherine,"Deseret Biologicals, Inc.",IDR,6796
Charles,Uriel Pharmacy Inc.,CNY,3166
Martin,The Mentholatum Company,PLN,15757
Joseph,ViiV Healthcare Company,CNY,22030
Nicole,NARTEX LABORATORIOS HOMEOPATICOS SA DE CV,LTL,18266
Anthony,bryant ranch prepack,PHP,24310
Richard,Massco Dental A Division of Dunagin Pharmaceuticals,CAD,42258
Matthew,"Johnson & Johnson Consumer Products Company, Division of Johnson & Johnson Consumer Companies, Inc.",CNY,27097
Ann,REMEDYREPACK INC.,BGN,47716
Angela,Supervalu Inc,CNY,29957
Christina,"Tom's of Maine, Inc.",CNY,4410
Julie,"Oriental Home Sense Co., Ltd.",MYR,14485
Shirley,Norwood Packaging Ltd.,RUB,33642
Billy,"NCS HealthCare of KY, Inc dba Vangard Labs",PHP,10883
Ryan,"Vivier Pharma, Inc.",GNF,23600
Wanda,AMERICAN SALES COMPANY,UGX,51485
Melissa,"McNeil Consumer Healthcare Div. McNeil-PPC, Inc",NGN,26757
Martin,"Ferndale Laboratories, Inc.",TND,36344
Edward,"PD-Rx Pharmaceuticals, Inc.",BBD,45101
Melissa,"FRED'S, INC.",CNY,3552
Sharon,"Boca Pharmacal, LLC",UZS,51985
Rebecca,Bio Cosmetics,RUB,7251
Eric,"Roxane Laboratories, Inc",EUR,2039
Earl,"Fallien Cosmeceuticals, LTD.",IDR,39588
Antonio,GlaxoSmithKline LLC,CNY,9068
Jessica,Eli Lilly and Company,PLN,51162
Shawn,Qualitest Pharmaceuticals,CNY,33236
Jane,"Magna Pharmaceuticals, Inc.",UAH,25117
Theresa,Apotex Corporation,MXN,1193
Louise,"MSD Consumer Care, Inc.",HRK,27616
Carlos,Baxter Healthcare Corporation,PLN,37667
Andrea,NARS Cosmetics,RUB,39044
Sharon,Uriel Pharmacy Inc.,SEK,36179
Phillip,"Dispensing Solutions, Inc.",TMT,39164
Harry,Cardinal Health,SEK,2556
Alan,Pro Vera SA,CNY,29478
Mary,"Hi-Tech Pharmacal Co., Inc.",UAH,1941
Arthur,BCM Cosmetique SAS,GEL,24040
Shawn,"Nelco Laboratories, Inc.",PHP,15132
Frank,Zep Inc.,EUR,24082
Arthur,"SJ Creations, Inc.",CDF,17951
Eugene,"Physicians Total Care, Inc.",NAD,42189
Bobby,"Nelco Laboratories, Inc.",CNY,128
Dennis,Baxter Healthcare Corporation,EUR,33143
Philip,Rebel Distributors Corp,CNY,22353
Peter,"EQUATE (Walmart Stores, Inc.)",CZK,36045
Terry,"Greer Laboratories, Inc.",USD,19541
Patrick,Clinical Solutions Wholesale,EUR,2444
George,JAFRA COSMETICS INTERNATIONAL,EUR,7891
Laura,RedPharm Drug Inc.,IDR,30704
Anthony,Shire US Manufacturing Inc.,BRL,9442
Teresa,Cobalt Laboratories,RUB,29671
Jennifer,"Johnson & Johnson Healthcare Products, Division of McNEIL-PPC, Inc.",CNY,29829
Terry,"E.R. Squibb & Sons, L.L.C.",HNL,36226
Joyce,Cardinal Health,IDR,47234
Arthur,Wockhardt Limited,IDR,33381
Jeremy,"Osung Co., Ltd",CNY,27678
Larry,"Nelco Laboratories, Inc.",PHP,50996
Richard,Procter & Gamble Manufacturing Co.,PLN,10964
Donald,Publix Super Markets Inc,AFN,1250
Carolyn,Rebel Distributors Corp,RUB,18899
Joseph,"Kingdom Animalia, LLC DBA Hourglass Cosmetics",NGN,11715
Brian,"Physicians Total Care, Inc.",VND,20499
Ralph,Dolgencorp,ALL,10456
Willie,"Hi-Tech Pharmacal Co., Inc.",CNY,20820
Mark,American Sales Company,PLN,34027
Benjamin,St Marys Medical Park Pharmacy,PLN,4103
Steven,NorthStar Rx LLC,PHP,14156
Kathryn,"Hospira, Inc.",IDR,28455
George,"Johnson & Johnson Healthcare Products, Division of McNEIL-PPC, Inc.",EUR,23860
Patricia,SOMBRA COSMETICS INC.,CNY,27030
Jimmy,Reckitt Benckiser LLC,HUF,35973
Denise,Rite Aid,BGN,13022
Heather,"Physicians Total Care, Inc.",EUR,9329
Jessica,Sunway Biotech LLC,IDR,29048
Bonnie,"Pharmaceutica North America, Inc.",USD,18957
Harry,Major Pharmaceuticals,PLN,8410
Benjamin,Major Pharmaceuticals Inc,CNY,17334
Ryan,McKesson,PLN,24451
Joe,"FRED'S, INC.",CNY,17416
Dorothy,"Exelan Pharmaceuticals, Inc.",ZWL,31063
Phyllis,"Hahnemann Laboratories, Inc. dba Alpine Pharmaceuticals",PKR,19205
Ruby,"American Regent, Inc.",EUR,36657
Alice,The Mentholatum Company,IDR,4925
Jeremy,Apotheca Company,PEN,29763
Samuel,Cardinal Health,EUR,40641
Helen,Bare Escentuals Beauty Inc.,EUR,12185
Harry,REMEDYREPACK INC.,BIF,14989
Susan,"Upsher-Smith Laboratories, Inc.",MYR,35329
Keith,Polygen Pharmaceuticals LLC,CZK,32356
Stephanie,"Western Family Foods, Inc.",AFN,26136
Rose,Kosan Kozmetik Sanayi ve Ticaret A.S.,SEK,14602
Evelyn,FAMILY DOLLAR,CNY,41191
Angela,Walgreen Co,PLN,40327
Gerald,"Antigen Laboratories, Inc.",CZK,24795
Kevin,"Mutual Pharmaceutical Company, Inc.",AMD,51568
Michael,"Zila Therapeutics, Inc.",CNY,31194
Steven,Cardinal Health,BRL,14080
Robin,King Bio Inc.,CNY,45347
Theresa,Heritage Pharmaceuticals Inc.,BRL,7293
Jose,NeoStrata Company Inc.,ILS,39786
Joseph,Reckitt Benckiser LLC,RUB,47818
Donald,Cardinal Health,UAH,15597
Angela,United Therapeutics Corp.,BRL,39161
Brandon,Island Abbey Foods Ltd.,NGN,36524
Walter,"Ventura Corporation (San Juan, P.R)",NZD,34099
Jose,"Amneal Pharmaceuticals of New York, LLC",XOF,51079
Todd,REMEDYREPACK INC.,EUR,35985
Deborah,"APP Pharmaceuticals, LLC",CNY,1039
Arthur,"ALK-Abello, Inc.",BRL,360
Jesse,"SJ Creations, Inc.",HRK,14922
Sandra,Chain Drug Consortium,USD,25722
Teresa,BCM Cosmetique SAS,CNY,15471
Steven,Apotheca Company,CNY,25904
Philip,Dr. Reddy's Laboratories Limited,RUB,13456
Brenda,Wal-Mart Stores Inc,CNY,25939
Janet,Purminerals,AOA,41621
Mildred,Cadey S.r.l.,COP,19874
Philip,EQUALINE (SuperValu),EUR,33569
Marie,"Antigen Laboratories, Inc.",CNY,5521
Annie,Jubilant HollisterStier LLC,BOB,47323
Keith,Qualitest Pharmaceuticals,KES,50520
Timothy,Bryant Ranch Prepack,EUR,17213
Elizabeth,Major Pharmaceuticals,PHP,17012
Julie,Mylan Pharmaceuticals Inc.,DOP,20490
Julie,"Par Pharmaceutical, Inc.",CNY,40124
Dorothy,BCM Cosmetique SAS,EUR,48471
Thomas,"Newton Laboratories, Inc.",CNY,13136
Christina,"PD-Rx Pharmaceuticals, Inc.",BRL,41362
Tina,Purdue Pharmaceutical Products LP,JPY,40348
Ann,Forces of Nature,YER,31830
Brenda,SHISEIDO AMERICA INC.,CNY,14652
Janet,MAJOR PHARMACEUTICALS INC,SEK,34969
Ashley,Zep Inc.,HUF,23217
Irene,"Physicians Total Care, Inc.",CNY,37279
Harold,"Cephalon, Inc.",MUR,1672
Charles,"Watson Laboratories, Inc.",BRL,26822
Emily,Bryant Ranch Prepack,EUR,6550
Jonathan,REMEDYREPACK INC.,EUR,35734
Larry,APOLLO HEALTH AND BEAUTY CARE,IDR,38602
Angela,"Amphastar Pharmaceuticals, Inc.",EUR,2922
Jason,"Antigen Laboratories, Inc.",CNY,48189
Jonathan,"Hospira, Inc.",UAH,30247
Larry,Natural Health Supply,USD,21892
Keith,Amerisource Bergen,CNY,22676
Lawrence,Access Business Group LLC,PHP,51323
Judith,"Aphena Pharma Solutions - Tennessee, LLC",RUB,10829
Paula,"GOJO Industries, Inc",RUB,38974
Amanda,Mylan Pharmaceuticals Inc.,THB,8961
Sharon,Wal-Mart Stores Inc,ZAR,48235
Judith,"Nelco Laboratories, Inc.",IDR,12728
Jonathan,AstraZeneca Pharmaceuticals LP,EUR,4168
Ralph,Cardinal Health,TZS,24907
Ruth,"Cephalon, Inc.",RUB,42581
Kimberly,Baxter Healthcare Corporation,MAD,31081
Teresa,Wal-Mart Stores Inc,ARS,16933
Clarence,Ecolab Inc.,CNY,50995
Nicole,Boots Retail USA Inc,VEF,19036
Harold,Corpsain SA de CV,XOF,2301
Christina,REMEDYREPACK INC.,CNY,43983
Angela,Ningbo United,CZK,18142
Craig,"Nelco Laboratories, Inc.",MKD,32778
Raymond,Jubilant HollisterStier LLC,BDT,4307
Roy,Clinical Solutions Wholesale,PHP,34862
Brandon,"Physicians Total Care, Inc.",PHP,10829
Karen,REMEDYREPACK INC.,IDR,25287
Marilyn,Jubilant Cadista Pharmaceuticals Inc.,PLN,8280
Brenda,Pfizer Laboratories Div Pfizer Inc,ZAR,17704
Gary,"PD-Rx Pharmaceuticals, Inc.",BRL,42751
Robert,Qualitest Pharmaceuticals,IDR,24733
Susan,"Physicians Total Care, Inc.",EUR,1825
Christopher,Belvedere International Inc.,CNY,42340
Lawrence,Procter & Gamble Manufacturing Co.,NGN,9476
George,"Roxane Laboratories, Inc",TND,25341
Christina,Sancilio & Company Inc,ARS,35968
Kathryn,Safeway Inc.,AZN,35991
Judith,REMEDYREPACK INC.,PKR,4319
Ryan,"Arbonne International, LLC",EUR,29949
Shawn,"Project, Inc.",IDR,38955
Karen,Mckesson Corporation,PHP,19188
Raymond,Clinical Solutions Wholesale,USD,28341
Benjamin,Molton Brown LTD,LYD,35224
Anna,KANEBO COSMETICS INC.,MAD,48620
George,Universal Distribution Center LLC,AZN,13657
Julie,Gadal Laboratories Inc,EUR,3622
Irene,"Ningbo Heyi Daily Chemical Products Co., Ltd.",PLN,44102
Judy,Horizon Pharma Inc.,CNY,36481
Gerald,"Sato Pharmaceutical Co., Ltd.",CNY,16982
Jane,Teva Pharmaceuticals USA Inc,IDR,953
Pamela,"Tummy Company, Inc.",IDR,4511
Adam,"Preferred Pharmaceuticals, Inc.",BRL,21183
Ruby,Colgate-Palmolive Company,IDR,37461
Bonnie,STAT Rx USA LLC,EUR,43395
Earl,"Valu Merchandisers, Co.",KGS,24989
Shawn,Eau Zone Oils and Fragrances LTD,RUB,26941
Roy,"Aloe Vera of America, Inc.",IDR,29607
Brian,Eli Lilly and Company,YER,10418
Donna,"Golden State Medical Supply, Inc.",EUR,38344
Christina,"Allergy Laboratories, Inc.",CNY,42865
Doris,"Caraco Pharmaceutical Laboratories, Ltd.",ARS,30804
Tina,"Roxane Laboratories, Inc",IDR,42902
Norma,"BioActive Nutritional, Inc.",IDR,19660
Nicole,GlaxoSmithKline LLC,CNY,34691
Charles,SuperValu (Equaline),EUR,41273
Fred,Topco Associates LLC,EUR,5240
Benjamin,"GREAT LAKES WHOLESALE, MARKETING, & SALES, INC.",IDR,432
Roy,Family Dollar Services Inc.,EUR,26006
Doris,Laboratoires Clarins S.A.,KHR,3736
Michael,IASO Inc,CNY,36895
Clarence,Aidarex Pharmaceuticals LLC,PEN,11902
Joyce,"Newton Laboratories, Inc.",RUB,49423
Aaron,"Hi-Tech Pharmacal Co., Inc.",CNY,1723
Bobby,"H.J. Harkins Company, Inc.",EUR,40812
Irene,St Marys Medical Park Pharmacy,DJF,28622
Deborah,Major Pharmaceuticals,CNY,41139
Theresa,"Excellium Pharmaceutical, Inc",CNY,5855
Lori,"Physicians Total Care, Inc.",TZS,24934
Joyce,AstraZeneca Pharmaceuticals LP,THB,41677
Brandon,Jubilant HollisterStier LLC,CNY,14874
Bonnie,Aurobindo Pharma Limited,CAD,26985
Tina,Valu Merchandisers Company (Best Choice),BAM,13031
Patricia,Navajo Manufacturing Company Inc,PHP,13225
Billy,"Quinnova Pharmaceuticals, Inc.",EUR,7458
Jimmy,Lake Erie Medical DBA Quality Care Products LLC,EUR,25580
Christopher,Cardinal Health,IDR,7039
Nancy,American Health Packaging,CNY,45820
Karen,Heel Inc,CNY,289
Janet,Jubilant Cadista Pharmaceuticals Inc.,USD,12871
Lori,"Physicians Total Care, Inc.",KZT,32051
Mark,"Physicians Total Care, Inc.",CNY,43794
Todd,CHANEL PARFUMS BEAUTE,CNY,45237
Mark,Neutrogena Corporation,CNY,20256
Ruth,Merck Sharp & Dohme Corp.,KRW,36555
Pamela,Ferring Pharmaceuticals Inc.,PLN,3020
Heather,Proficient Rx LP,CNY,46193
Timothy,McKesson Contract Packaging,PEN,16479
Irene,Sun Pharma Global FZE,RUB,28810
Amanda,Natural Health Supply,PLN,5288
Craig,"American Regent, Inc.",CNY,30538
Nancy,A-S Medication Solutions LLC,BGN,17236
Larry,"Nelco Laboratories, Inc.",IDR,14865
Kathy,"Osung Co., Ltd",XOF,42380
Louis,"Actavis Mid Atlantic LLC, Lincolnton, NC 28092",CNY,28811
Denise,"Antigen Laboratories, Inc.",CNY,22153
Bruce,"Physicians Total Care, Inc.",PLN,23306
Sara,Portal Inc.,CNY,42072
Bobby,"Watson Pharma, Inc.",CNY,35928
Catherine,Teva Pharmaceuticals USA Inc,IDR,46107
Bruce,REMEDYREPACK INC.,COP,51142
Patricia,DSHealthcare,IDR,9907
Willie,"ALK-Abello, Inc.",BGN,38472
Bonnie,"Elizabeth Arden, Inc",MNT,3676
Bobby,"ALK-Abello, Inc.",USD,24527
Peter,"AvKARE, Inc.",BRL,30824
Douglas,"Hi-Tech Pharmacal Co., Inc.",PHP,36828
Michael,Cardinal Health,CNY,35443
Joyce,Pfizer Laboratories Div Pfizer Inc.,IDR,18267
Terry,"PD-Rx Pharmaceuticals, Inc.",CNY,50727
Marilyn,Physicians Formula Inc,EUR,11903
Raymond,Baxter Healthcare Corporation,HRK,36976
Albert,Walgreen Company,CNY,11571
Betty,"Allergy Laboratories, Inc.",PLN,36980
Marilyn,REMEDYREPACK INC.,SDG,44561
Dennis,"Nelco Laboratories, Inc.",RUB,4665
John,Lake Erie Medical & Surgical Supply DBA Quality Care Products LLC,IDR,12243
Matthew,Aidarex Pharmaceuticals LLC,IDR,7011
Janet,"Paddock Laboratories, Inc.",CNY,45074
Nancy,"Stephen L. LaFrance Pharmacy, Inc.",RUB,30680
Russell,"Aplicare, Inc.",VEF,43437
Alan,Supervalu Inc,EGP,38011
Janet,"Physicians Total Care, Inc.",ZWL,13385
Phyllis,Sunovion Pharmaceuticals Inc.,MXN,47963
Frank,Lake Erie Medical & Surgical Supply DBA Quality Care Products LLC,CNY,8992
Maria,"Nelco Laboratories, Inc.",IDR,40988
Johnny,"Tarte, Inc",BDT,23469
Nicole,"Par Pharmaceuticals, Inc.",RUB,15177
Rose,REMEDYREPACK INC.,EUR,14200
Justin,"Summit Industries, Inc.",THB,20028
Karen,Dr. Reddy's Laboratories Limited,PHP,21797
Evelyn,Cardinal Health,RUB,36594
Jane,"Allergan, Inc.",PLN,14612
Evelyn,Premier Brands of America Inc.,IDR,6544
Wayne,"Chattem, Inc.",PHP,13975
Michelle,"Lupin Pharmaceuticals, Inc.",RUB,39547
Paula,REMEDYREPACK INC.,PGK,3381
Andrea,"Physicians Total Care, Inc.",CZK,46277
Julie,Bare Escentuals Beauty Inc.,USD,35222
Angela,"Caraco Pharmaceutical Laboratories, Ltd.",RSD,27630
Jose,"Chattem, Inc.",IDR,42945
Albert,Lake Erie Medical DBA Quality Care Products LLC,COP,32453
William,"APP Pharmaceuticals, LLC",PHP,37789
Daniel,REMEDYREPACK INC.,XAF,26195
Michael,"Physicians Total Care, Inc.",JOD,28202
Scott,Accord Healthcare Inc.,CNY,48965
Samuel,Citron Pharma LLC,GBP,9917
Paula,Amerisource Bergen,USD,6334
Deborah,"DLC Laboratories, Inc.",IDR,28512
William,"Avon Products, Inc.",IDR,33369
Wayne,Physician Therapeutics LLC,IDR,34238
Mary,L'Oreal USA Products Inc,LYD,46575
Christine,Touchless Care Concepts LLC,CNY,50832
Christina,"Native Remedies, LLC",CNY,5640
Shawn,Dr Reddys Laboratories Inc,HUF,25254
Jose,Heel Inc,JPY,27739
Virginia,Mylan Institutional LLC,IDR,3309
Gregory,Rebel Distributors Corp,PHP,5646
Samuel,Ratiopharm Inc,SEK,2320
Lois,Conopco Inc. d/b/a Unilever,CZK,8490
David,"Lupin Pharmaceuticals, Inc.",THB,44290
Judy,"Deseret Biologicals, Inc.",ZAR,35275
Ashley,SHISEIDO AMERICA INC.,CNY,8295
Martin,"Kareway Product, Inc.",CNY,38753
Pamela,"PD-Rx Pharmaceuticals, Inc.",ILS,21750
Christine,Similasan Corporation,CNY,51237
Jose,"Matrixx Initiatives, Inc.",RUB,48512
Ryan,Concordia Pharmaceuticals Inc.,EUR,48509
Rebecca,Novartis Vaccines and Diagnostics GmbH,CNY,43168
Joan,"Blenheim Pharmacal, Inc.",TND,21706
Lori,American Health Packaging,BRL,4610
Donald,Rugby Laboratories,CNY,3572
Michael,CVS Pharmacy,PLN,11628
Nicholas,"Jiangsu Province JianErKang Medical Dressing Co. ,Ltd.",EUR,32916
Elizabeth,Heritage Pharmaceuticals Inc.,HUF,41802
Louise,"Paddock Laboratories, Inc.",SEK,1474
Kathleen,Dr.Reddy's Laboratories Limited,EUR,41957
Cynthia,"Energique, Inc.",RUB,31872
Howard,Teva Pharmaceuticals USA Inc,THB,17682
George,Cardinal Health,CNY,7911
Jacqueline,"Kutol Products Company, Inc.",EUR,43555
Diana,Emilia Personal Care Inc.,RUB,10069
Marilyn,"Lannett Company, Inc.",IRR,7502
Billy,The Magni Company,XAF,46760
Andrea,"Liddell Laboratories, Inc.",NGN,50699
Catherine,"Gloves in a Bottle, Inc",CZK,44521
Adam,"Preferred Pharmaceuticals, Inc.",SEK,4388
Michael,"Energique, Inc.",CNY,10743
Ann,White Manufacturing Inc. DBA Micro-West,IDR,13651
Jesse,HANBANGMEIN COSMETICS,IDR,25408
Dennis,"Zogenix, Inc.",MNT,40422
Kathleen,"Aphena Pharma Solutions - Tennessee, Inc.",IDR,4758
Richard,"General Injectables & Vaccines, Inc",CNY,28115
Lori,"PD-Rx Pharmaceuticals, Inc.",SEK,30694
Charles,"PD-Rx Pharmaceuticals, Inc.",MYR,22573
Linda,"Johnson & Johnson Consumer Products company, Division of Johnson & Johnson Consumer Companies, Inc.",CNY,24955
Albert,General Cryogenic Technologies LLC,BRL,13477
Samuel,"Daiichi Sankyo, Inc.",IDR,22349
Walter,"Nelco Laboratories, Inc.",ZMW,21594
Brian,"Antigen Laboratories, Inc.",PHP,15062
Elizabeth,Ventura International LTD.,RUB,25933
Jean,GlaxoSmithKline LLC,COP,35716
Ruby,Wuxi Medical Instrument Factory,RSD,50093
Linda,"Dolgencorp, LLC",RUB,18658
Betty,AR Medicom Inc,IDR,48964
Wayne,McKesson,BRL,45150
Ronald,"H and P Industries, Inc. dba Triad Group",IDR,44341
Rachel,"Nelco Laboratories, Inc.",ARS,10367
Louise,REMEDYREPACK INC.,PHP,34139
Melissa,Apotheca Company,CNY,19014
Antonio,"Nelco Laboratories, Inc.",UYU,23001
Jeremy,SORME COMPANY INC,BRL,31852
Peter,Sanum Kehlbeck GmbH & Co. KG,NOK,11071
Thomas,CHANEL PARFUMS BEAUTE,USD,45537
Charles,"H.J. Harkins Company, Inc.",JPY,22418
Alan,"K.N.Life Co., Ltd.",IDR,1398
Mary,Uriel Pharmacy Inc.,BGN,50536
Jacqueline,Delon Laboratories (1990) Ltd,XAF,28672
Barbara,Dynamic Pharmaceuticals Inc.,CZK,35390
Roy,"Janssen Pharmaceuticals, Inc.",CNY,33091
Harold,DIRECT RX,USD,8713
Roger,Georgia Respiratory HomeCare & Medical Equipment LLC,EUR,49177
Johnny,State of Florida DOH Central Pharmacy,CNY,569
Joseph,Cantrell Drug Company,BRL,42882
Aaron,Zydus Pharmaceuticals USA Inc,IDR,3941
Katherine,"Nelco Laboratories, Inc.",BRL,11495
Timothy,Ventura Corporation LTD,CAD,7933
Christopher,Sanum Kehlbeck GmbH & Co. KG,RUB,40845
Lois,Aurolife Pharma LLC,EUR,8941
Charles,Torrent Pharmaceuticals Limited,IDR,48079
Anne,Jubilant HollisterStier LLC,CNY,30611
Henry,"Nelco Laboratories, Inc.",EUR,39867
Jerry,"Kareway Product, Inc.",PEN,44801
Frances,L. Perrigo Company,PLN,33516
Martin,E. Fougera & Co. a division of Fougera Pharmaceuticals Inc.,HNL,464
Gary,DZA Brands LLC,CNY,42310
Gary,"ALK-Abello, Inc.",HUF,44835
Julie,Sanum Kehlbeck GmbH & Co. KG,THB,46063
Jimmy,Torrent Pharmaceuticals Limited,RUB,1996
William,Native Remedies LLC,USD,1776
Gary,Mylan Institutional LLC,CNY,46482
Kathleen,PHARMAZEUTISCHE FABRIK DR. RECKEWEG & CO,CNY,14535
Walter,"Upsher-Smith Laboratories, Inc.",IRR,36956
Ralph,"Deb USA, Inc.",VEF,45518
Dorothy,Teva Pharmaceuticals USA Inc,THB,14334
Linda,Horizon Pharma Inc.,USD,48177
Eric,Dolgencorp Inc,BRL,16859
Janet,"Watson Laboratories, Inc.",PAB,20340
Andrew,"Jiangsu Province JianErKang Medical Dressing Co. ,Ltd.",BGN,12615
Daniel,State of Florida DOH Central Pharmacy,CNY,36550
Harold,HOMEOLAB USA INC.,CNY,37329
Roy,Sandoz Inc,BRL,48361
Patricia,Teva Pharmaceuticals USA Inc,CUP,13497
Mary,"BioActive Nutritional, Inc.",BYR,44724
Fred,AstraZeneca Pharmaceuticals LP,PHP,24089
Rachel,Unit Dose Services,PHP,28398
Benjamin,Canberra Corporation,USD,43976
Anna,Wal-Mart Stores Inc,IDR,24200
Roger,Mylan Pharmaceuticals Inc.,CRC,18921
Timothy,American Health Packaging,SEK,13335
Joe,"H.J. Harkins Company, Inc.",BRL,36977
Denise,"Horn's Medical Supply, Inc.",PLN,7920
Nicole,LernaPharm Loris Inc.,SEK,11169
Ryan,HOMEOLAB USA INC,JPY,14940
Beverly,SHISEIDO AMERICAS CORPORATION,EUR,36911
Harold,L'Oreal USA Florence Manufacturing,AZN,45154
Robert,Rite Aid,RUB,48096
Andrew,"Physicians Total Care, Inc.",IDR,51683
Antonio,"Praxair Distribution, Inc.",PYG,31795
Michael,Perrigo New York Inc,YER,43151
Tina,Procter & Gamble Manufacturing Co.,CNY,5260
Willie,Anna Lotan Ltd,CNY,7580
Sean,Barr Laboratories Inc.,CNY,8489
Wanda,"Preferred Pharmaceuticals, Inc",CNY,44116
Joe,"SJ Creations, Inc.",NIO,40106
Jonathan,Cardinal Health,MXN,42359
Doris,Uriel Pharmacy Inc.,EUR,1648
Evelyn,Guthy-Renker LLC,KZT,20213
Angela,Parfums Christian Dior,IDR,5217
Larry,"Ascend Laboratories, LLC",PEN,35960
Ronald,Parke-Davis Div of Pfizer Inc,MKD,23747
Juan,"Bath & Body Works, Inc.",CNY,21093
Amy,Sandoz Inc,XAF,7323
Louis,Uriel Pharmacy Inc.,GTQ,33102
Albert,Merck Sharp & Dohme Corp.,IDR,4126
Jessica,"NeoPharm Co., Ltd.",PEN,23421
Frank,Major Pharmaceuticals,BRL,51841
Jane,Par Pharmaceutical Inc.,PYG,15068
Kimberly,Ventura Corporation LTD.,CNY,49285
Susan,"Physicians Total Care, Inc.",VND,41715
Eugene,Energizer Personal Care LLC,CNY,30862
Louis,"CVS Pharmacy, Inc.",IDR,14303
Billy,Laboratoires M&L,CNY,31249
Debra,Conopco Inc. d/b/a Unilever,EUR,2021
